This is XeTeX, Version 3.141592653-2.6-0.999998 (MiKTeX 26.1) (preloaded format=xelatex 2026.6.2)  18 SEP 2026 09:35
entering extended mode
 restricted \write18 enabled.
 %&-line parsing enabled.
**./Practicas_de_TGD.tex
(Practicas_de_TGD.tex
LaTeX2e <2025-11-01>
L3 programming layer <2026-01-19>
(C:\Users\Manuel Oviedo\AppData\Local\Programs\MiKTeX\tex/latex/base\book.cls
Document Class: book 2025/01/22 v1.4n Standard LaTeX document class
(C:\Users\Manuel Oviedo\AppData\Local\Programs\MiKTeX\tex/latex/base\bk10.clo
File: bk10.clo 2025/01/22 v1.4n Standard LaTeX file (size option)
)
\c@part=\count271
\c@chapter=\count272
\c@section=\count273
\c@subsection=\count274
\c@subsubsection=\count275
\c@paragraph=\count276
\c@subparagraph=\count277
\c@figure=\count278
\c@table=\count279
\abovecaptionskip=\skip49
\belowcaptionskip=\skip50
\bibindent=\dimen148
)
(C:\Users\Manuel Oviedo\AppData\Local\Programs\MiKTeX\tex/latex/xcolor\xcolor.s
ty
Package: xcolor 2024/09/29 v3.02 LaTeX color extensions (UK)

(C:\Users\Manuel Oviedo\AppData\Local\Programs\MiKTeX\tex/latex/graphics-cfg\co
lor.cfg
File: color.cfg 2016/01/02 v1.6 sample color configuration
)
Package xcolor Info: Driver file: xetex.def on input line 274.

(C:\Users\Manuel Oviedo\AppData\Local\Programs\MiKTeX\tex/latex/graphics-def\xe
tex.def
File: xetex.def 2025/11/01 v5.0p Graphics/color driver for xetex
)
(C:\Users\Manuel Oviedo\AppData\Local\Programs\MiKTeX\tex/latex/graphics\mathco
lor.ltx)
Package xcolor Info: Model `cmy' substituted by `cmy0' on input line 1349.
Package xcolor Info: Model `RGB' extended on input line 1365.
Package xcolor Info: Model `HTML' substituted by `rgb' on input line 1367.
Package xcolor Info: Model `Hsb' substituted by `hsb' on input line 1368.
Package xcolor Info: Model `tHsb' substituted by `hsb' on input line 1369.
Package xcolor Info: Model `HSB' substituted by `hsb' on input line 1370.
Package xcolor Info: Model `Gray' substituted by `gray' on input line 1371.
Package xcolor Info: Model `wave' substituted by `hsb' on input line 1372.
)
(C:\Users\Manuel Oviedo\AppData\Local\Programs\MiKTeX\tex/latex/amsmath\amsmath
.sty
Package: amsmath 2025/07/09 v2.17z AMS math features
\@mathmargin=\skip51
For additional information on amsmath, use the `?' option.

(C:\Users\Manuel Oviedo\AppData\Local\Programs\MiKTeX\tex/latex/amsmath\amstext
.sty
Package: amstext 2024/11/17 v2.01 AMS text

(C:\Users\Manuel Oviedo\AppData\Local\Programs\MiKTeX\tex/latex/amsmath\amsgen.
sty
File: amsgen.sty 1999/11/30 v2.0 generic functions
\@emptytoks=\toks17
\ex@=\dimen149
))
(C:\Users\Manuel Oviedo\AppData\Local\Programs\MiKTeX\tex/latex/amsmath\amsbsy.
sty
Package: amsbsy 1999/11/29 v1.2d Bold Symbols
\pmbraise@=\dimen150
)
(C:\Users\Manuel Oviedo\AppData\Local\Programs\MiKTeX\tex/latex/amsmath\amsopn.
sty
Package: amsopn 2022/04/08 v2.04 operator names
)
\inf@bad=\count280
LaTeX Info: Redefining \frac on input line 233.
\uproot@=\count281
\leftroot@=\count282
LaTeX Info: Redefining \overline on input line 398.
LaTeX Info: Redefining \colon on input line 409.
\classnum@=\count283
\DOTSCASE@=\count284
LaTeX Info: Redefining \ldots on input line 495.
LaTeX Info: Redefining \dots on input line 498.
LaTeX Info: Redefining \cdots on input line 619.
\Mathstrutbox@=\box53
\strutbox@=\box54
LaTeX Info: Redefining \big on input line 721.
LaTeX Info: Redefining \Big on input line 722.
LaTeX Info: Redefining \bigg on input line 723.
LaTeX Info: Redefining \Bigg on input line 724.
\big@size=\dimen151
LaTeX Font Info:    Redeclaring font encoding OML on input line 742.
LaTeX Font Info:    Redeclaring font encoding OMS on input line 743.
\macc@depth=\count285
LaTeX Info: Redefining \bmod on input line 904.
LaTeX Info: Redefining \pmod on input line 909.
LaTeX Info: Redefining \smash on input line 939.
LaTeX Info: Redefining \relbar on input line 969.
LaTeX Info: Redefining \Relbar on input line 970.
\c@MaxMatrixCols=\count286
\dotsspace@=\muskip17
\c@parentequation=\count287
\dspbrk@lvl=\count288
\tag@help=\toks18
\row@=\count289
\column@=\count290
\maxfields@=\count291
\andhelp@=\toks19
\eqnshift@=\dimen152
\alignsep@=\dimen153
\tagshift@=\dimen154
\tagwidth@=\dimen155
\totwidth@=\dimen156
\lineht@=\dimen157
\@envbody=\toks20
\multlinegap=\skip52
\multlinetaggap=\skip53
\mathdisplay@stack=\toks21
LaTeX Info: Redefining \[ on input line 2950.
LaTeX Info: Redefining \] on input line 2951.
)
(C:\Users\Manuel Oviedo\AppData\Local\Programs\MiKTeX\tex/latex/amsfonts\amssym
b.sty
Package: amssymb 2013/01/14 v3.01 AMS font symbols

(C:\Users\Manuel Oviedo\AppData\Local\Programs\MiKTeX\tex/latex/amsfonts\amsfon
ts.sty
Package: amsfonts 2013/01/14 v3.01 Basic AMSFonts support
\symAMSa=\mathgroup4
\symAMSb=\mathgroup5
LaTeX Font Info:    Redeclaring math symbol \hbar on input line 98.
LaTeX Font Info:    Overwriting math alphabet `\mathfrak' in version `bold'
(Font)                  U/euf/m/n --> U/euf/b/n on input line 106.
))
(C:\Users\Manuel Oviedo\AppData\Local\Programs\MiKTeX\tex/generic/iftex\iftex.s
ty
Package: iftex 2024/12/12 v1.0g TeX engine tests
)
(C:\Users\Manuel Oviedo\AppData\Local\Programs\MiKTeX\tex/latex/unicode-math\un
icode-math.sty
(C:\Users\Manuel Oviedo\AppData\Local\Programs\MiKTeX\tex/latex/l3kernel\expl3.
sty
Package: expl3 2026-01-19 L3 programming layer (loader) 

(C:\Users\Manuel Oviedo\AppData\Local\Programs\MiKTeX\tex/latex/l3backend\l3bac
kend-xetex.def
File: l3backend-xetex.def 2025-10-09 L3 backend support: XeTeX
\g__graphics_track_int=\count292
\g__pdfannot_backend_int=\count293
\g__pdfannot_backend_link_int=\count294
))
Package: unicode-math 2023/08/13 v0.8r Unicode maths in XeLaTeX and LuaLaTeX

(C:\Users\Manuel Oviedo\AppData\Local\Programs\MiKTeX\tex/latex/unicode-math\un
icode-math-xetex.sty
Package: unicode-math-xetex 2023/08/13 v0.8r Unicode maths in XeLaTeX and LuaLa
TeX

(C:\Users\Manuel Oviedo\AppData\Local\Programs\MiKTeX\tex/latex/l3packages/xpar
se\xparse.sty
Package: xparse 2025-10-09 L3 Experimental document command parser
)
(C:\Users\Manuel Oviedo\AppData\Local\Programs\MiKTeX\tex/latex/l3packages/l3ke
ys2e\l3keys2e.sty
Package: l3keys2e 2025-10-09 LaTeX2e option processing using LaTeX3 keys
)
(C:\Users\Manuel Oviedo\AppData\Local\Programs\MiKTeX\tex/latex/fontspec\fontsp
ec.sty
Package: fontspec 2025/09/29 v2.9g Font selection for XeLaTeX and LuaLaTeX

(C:\Users\Manuel Oviedo\AppData\Local\Programs\MiKTeX\tex/latex/fontspec\fontsp
ec-xetex.sty
Package: fontspec-xetex 2025/09/29 v2.9g Font selection for XeLaTeX and LuaLaTe
X
\l__fontspec_script_int=\count295
\l__fontspec_language_int=\count296
\l__fontspec_strnum_int=\count297
\l__fontspec_tmp_int=\count298
\l__fontspec_tmpa_int=\count299
\l__fontspec_tmpb_int=\count300
\l__fontspec_tmpc_int=\count301
\l__fontspec_em_int=\count302
\l__fontspec_emdef_int=\count303
\l__fontspec_strong_int=\count304
\l__fontspec_strongdef_int=\count305
\l__fontspec_tmpa_dim=\dimen158
\l__fontspec_tmpb_dim=\dimen159
\l__fontspec_tmpc_dim=\dimen160

(C:\Users\Manuel Oviedo\AppData\Local\Programs\MiKTeX\tex/latex/base\fontenc.st
y
Package: fontenc 2025/07/18 v2.1d Standard LaTeX package
)
(C:\Users\Manuel Oviedo\AppData\Local\Programs\MiKTeX\tex/latex/fontspec\fontsp
ec.cfg)))
(C:\Users\Manuel Oviedo\AppData\Local\Programs\MiKTeX\tex/latex/base\fix-cm.sty
Package: fix-cm 2020/11/24 v1.1t fixes to LaTeX

(C:\Users\Manuel Oviedo\AppData\Local\Programs\MiKTeX\tex/latex/base\ts1enc.def
File: ts1enc.def 2001/06/05 v3.0e (jk/car/fm) Standard LaTeX file
LaTeX Font Info:    Redeclaring font encoding TS1 on input line 47.
LaTeX Encoding Info:    Redeclaring text command \capitalcedilla (encoding TS1)
 on input line 49.
LaTeX Encoding Info:    Redeclaring text command \capitalogonek (encoding TS1) 
on input line 52.
LaTeX Encoding Info:    Redeclaring text command \capitalgrave (encoding TS1) o
n input line 55.
LaTeX Encoding Info:    Redeclaring text command \capitalacute (encoding TS1) o
n input line 56.
LaTeX Encoding Info:    Redeclaring text command \capitalcircumflex (encoding T
S1) on input line 57.
LaTeX Encoding Info:    Redeclaring text command \capitaltilde (encoding TS1) o
n input line 58.
LaTeX Encoding Info:    Redeclaring text command \capitaldieresis (encoding TS1
) on input line 59.
LaTeX Encoding Info:    Redeclaring text command \capitalhungarumlaut (encoding
 TS1) on input line 60.
LaTeX Encoding Info:    Redeclaring text command \capitalring (encoding TS1) on
 input line 61.
LaTeX Encoding Info:    Redeclaring text command \capitalcaron (encoding TS1) o
n input line 62.
LaTeX Encoding Info:    Redeclaring text command \capitalbreve (encoding TS1) o
n input line 63.
LaTeX Encoding Info:    Redeclaring text command \capitalmacron (encoding TS1) 
on input line 64.
LaTeX Encoding Info:    Redeclaring text command \capitaldotaccent (encoding TS
1) on input line 65.
LaTeX Encoding Info:    Redeclaring text command \t (encoding TS1) on input lin
e 66.
LaTeX Encoding Info:    Redeclaring text command \capitaltie (encoding TS1) on 
input line 67.
LaTeX Encoding Info:    Redeclaring text command \newtie (encoding TS1) on inpu
t line 68.
LaTeX Encoding Info:    Redeclaring text command \capitalnewtie (encoding TS1) 
on input line 69.
LaTeX Encoding Info:    Redeclaring text symbol \textcapitalcompwordmark (encod
ing TS1) on input line 70.
LaTeX Encoding Info:    Redeclaring text symbol \textascendercompwordmark (enco
ding TS1) on input line 71.
LaTeX Encoding Info:    Redeclaring text symbol \textquotestraightbase (encodin
g TS1) on input line 72.
LaTeX Encoding Info:    Redeclaring text symbol \textquotestraightdblbase (enco
ding TS1) on input line 73.
LaTeX Encoding Info:    Redeclaring text symbol \texttwelveudash (encoding TS1)
 on input line 74.
LaTeX Encoding Info:    Redeclaring text symbol \textthreequartersemdash (encod
ing TS1) on input line 75.
LaTeX Encoding Info:    Redeclaring text symbol \textleftarrow (encoding TS1) o
n input line 76.
LaTeX Encoding Info:    Redeclaring text symbol \textrightarrow (encoding TS1) 
on input line 77.
LaTeX Encoding Info:    Redeclaring text symbol \textblank (encoding TS1) on in
put line 78.
LaTeX Encoding Info:    Redeclaring text symbol \textdollar (encoding TS1) on i
nput line 79.
LaTeX Encoding Info:    Redeclaring text symbol \textquotesingle (encoding TS1)
 on input line 80.
LaTeX Encoding Info:    Redeclaring text command \textasteriskcentered (encodin
g TS1) on input line 81.
LaTeX Encoding Info:    Redeclaring text symbol \textdblhyphen (encoding TS1) o
n input line 92.
LaTeX Encoding Info:    Redeclaring text symbol \textfractionsolidus (encoding 
TS1) on input line 93.
LaTeX Encoding Info:    Redeclaring text symbol \textzerooldstyle (encoding TS1
) on input line 94.
LaTeX Encoding Info:    Redeclaring text symbol \textoneoldstyle (encoding TS1)
 on input line 95.
LaTeX Encoding Info:    Redeclaring text symbol \texttwooldstyle (encoding TS1)
 on input line 96.
LaTeX Encoding Info:    Redeclaring text symbol \textthreeoldstyle (encoding TS
1) on input line 97.
LaTeX Encoding Info:    Redeclaring text symbol \textfouroldstyle (encoding TS1
) on input line 98.
LaTeX Encoding Info:    Redeclaring text symbol \textfiveoldstyle (encoding TS1
) on input line 99.
LaTeX Encoding Info:    Redeclaring text symbol \textsixoldstyle (encoding TS1)
 on input line 100.
LaTeX Encoding Info:    Redeclaring text symbol \textsevenoldstyle (encoding TS
1) on input line 101.
LaTeX Encoding Info:    Redeclaring text symbol \texteightoldstyle (encoding TS
1) on input line 102.
LaTeX Encoding Info:    Redeclaring text symbol \textnineoldstyle (encoding TS1
) on input line 103.
LaTeX Encoding Info:    Redeclaring text symbol \textlangle (encoding TS1) on i
nput line 104.
LaTeX Encoding Info:    Redeclaring text symbol \textminus (encoding TS1) on in
put line 105.
LaTeX Encoding Info:    Redeclaring text symbol \textrangle (encoding TS1) on i
nput line 106.
LaTeX Encoding Info:    Redeclaring text symbol \textmho (encoding TS1) on inpu
t line 107.
LaTeX Encoding Info:    Redeclaring text symbol \textbigcircle (encoding TS1) o
n input line 108.
LaTeX Encoding Info:    Redeclaring text command \textcircled (encoding TS1) on
 input line 109.
LaTeX Encoding Info:    Redeclaring text symbol \textohm (encoding TS1) on inpu
t line 115.
LaTeX Encoding Info:    Redeclaring text symbol \textlbrackdbl (encoding TS1) o
n input line 116.
LaTeX Encoding Info:    Redeclaring text symbol \textrbrackdbl (encoding TS1) o
n input line 117.
LaTeX Encoding Info:    Redeclaring text symbol \textuparrow (encoding TS1) on 
input line 118.
LaTeX Encoding Info:    Redeclaring text symbol \textdownarrow (encoding TS1) o
n input line 119.
LaTeX Encoding Info:    Redeclaring text symbol \textasciigrave (encoding TS1) 
on input line 120.
LaTeX Encoding Info:    Redeclaring text symbol \textborn (encoding TS1) on inp
ut line 121.
LaTeX Encoding Info:    Redeclaring text symbol \textdivorced (encoding TS1) on
 input line 122.
LaTeX Encoding Info:    Redeclaring text symbol \textdied (encoding TS1) on inp
ut line 123.
LaTeX Encoding Info:    Redeclaring text symbol \textleaf (encoding TS1) on inp
ut line 124.
LaTeX Encoding Info:    Redeclaring text symbol \textmarried (encoding TS1) on 
input line 125.
LaTeX Encoding Info:    Redeclaring text symbol \textmusicalnote (encoding TS1)
 on input line 126.
LaTeX Encoding Info:    Redeclaring text symbol \texttildelow (encoding TS1) on
 input line 127.
LaTeX Encoding Info:    Redeclaring text symbol \textdblhyphenchar (encoding TS
1) on input line 128.
LaTeX Encoding Info:    Redeclaring text symbol \textasciibreve (encoding TS1) 
on input line 129.
LaTeX Encoding Info:    Redeclaring text symbol \textasciicaron (encoding TS1) 
on input line 130.
LaTeX Encoding Info:    Redeclaring text symbol \textacutedbl (encoding TS1) on
 input line 131.
LaTeX Encoding Info:    Redeclaring text symbol \textgravedbl (encoding TS1) on
 input line 132.
LaTeX Encoding Info:    Redeclaring text symbol \textdagger (encoding TS1) on i
nput line 133.
LaTeX Encoding Info:    Redeclaring text symbol \textdaggerdbl (encoding TS1) o
n input line 134.
LaTeX Encoding Info:    Redeclaring text symbol \textbardbl (encoding TS1) on i
nput line 135.
LaTeX Encoding Info:    Redeclaring text symbol \textperthousand (encoding TS1)
 on input line 136.
LaTeX Encoding Info:    Redeclaring text symbol \textbullet (encoding TS1) on i
nput line 137.
LaTeX Encoding Info:    Redeclaring text symbol \textcelsius (encoding TS1) on 
input line 138.
LaTeX Encoding Info:    Redeclaring text symbol \textdollaroldstyle (encoding T
S1) on input line 139.
LaTeX Encoding Info:    Redeclaring text symbol \textcentoldstyle (encoding TS1
) on input line 140.
LaTeX Encoding Info:    Redeclaring text symbol \textflorin (encoding TS1) on i
nput line 141.
LaTeX Encoding Info:    Redeclaring text symbol \textcolonmonetary (encoding TS
1) on input line 142.
LaTeX Encoding Info:    Redeclaring text symbol \textwon (encoding TS1) on inpu
t line 143.
LaTeX Encoding Info:    Redeclaring text symbol \textnaira (encoding TS1) on in
put line 144.
LaTeX Encoding Info:    Redeclaring text symbol \textguarani (encoding TS1) on 
input line 145.
LaTeX Encoding Info:    Redeclaring text symbol \textpeso (encoding TS1) on inp
ut line 146.
LaTeX Encoding Info:    Redeclaring text symbol \textlira (encoding TS1) on inp
ut line 147.
LaTeX Encoding Info:    Redeclaring text symbol \textrecipe (encoding TS1) on i
nput line 148.
LaTeX Encoding Info:    Redeclaring text symbol \textinterrobang (encoding TS1)
 on input line 149.
LaTeX Encoding Info:    Redeclaring text symbol \textinterrobangdown (encoding 
TS1) on input line 150.
LaTeX Encoding Info:    Redeclaring text symbol \textdong (encoding TS1) on inp
ut line 151.
LaTeX Encoding Info:    Redeclaring text symbol \texttrademark (encoding TS1) o
n input line 152.
LaTeX Encoding Info:    Redeclaring text symbol \textpertenthousand (encoding T
S1) on input line 153.
LaTeX Encoding Info:    Redeclaring text symbol \textpilcrow (encoding TS1) on 
input line 154.
LaTeX Encoding Info:    Redeclaring text symbol \textbaht (encoding TS1) on inp
ut line 155.
LaTeX Encoding Info:    Redeclaring text symbol \textnumero (encoding TS1) on i
nput line 156.
LaTeX Encoding Info:    Redeclaring text symbol \textdiscount (encoding TS1) on
 input line 157.
LaTeX Encoding Info:    Redeclaring text symbol \textestimated (encoding TS1) o
n input line 158.
LaTeX Encoding Info:    Redeclaring text symbol \textopenbullet (encoding TS1) 
on input line 159.
LaTeX Encoding Info:    Redeclaring text symbol \textservicemark (encoding TS1)
 on input line 160.
LaTeX Encoding Info:    Redeclaring text symbol \textlquill (encoding TS1) on i
nput line 161.
LaTeX Encoding Info:    Redeclaring text symbol \textrquill (encoding TS1) on i
nput line 162.
LaTeX Encoding Info:    Redeclaring text symbol \textcent (encoding TS1) on inp
ut line 163.
LaTeX Encoding Info:    Redeclaring text symbol \textsterling (encoding TS1) on
 input line 164.
LaTeX Encoding Info:    Redeclaring text symbol \textcurrency (encoding TS1) on
 input line 165.
LaTeX Encoding Info:    Redeclaring text symbol \textyen (encoding TS1) on inpu
t line 166.
LaTeX Encoding Info:    Redeclaring text symbol \textbrokenbar (encoding TS1) o
n input line 167.
LaTeX Encoding Info:    Redeclaring text symbol \textsection (encoding TS1) on 
input line 168.
LaTeX Encoding Info:    Redeclaring text symbol \textasciidieresis (encoding TS
1) on input line 169.
LaTeX Encoding Info:    Redeclaring text symbol \textcopyright (encoding TS1) o
n input line 170.
LaTeX Encoding Info:    Redeclaring text symbol \textordfeminine (encoding TS1)
 on input line 171.
LaTeX Encoding Info:    Redeclaring text symbol \textcopyleft (encoding TS1) on
 input line 172.
LaTeX Encoding Info:    Redeclaring text symbol \textlnot (encoding TS1) on inp
ut line 173.
LaTeX Encoding Info:    Redeclaring text symbol \textcircledP (encoding TS1) on
 input line 174.
LaTeX Encoding Info:    Redeclaring text symbol \textregistered (encoding TS1) 
on input line 175.
LaTeX Encoding Info:    Redeclaring text symbol \textasciimacron (encoding TS1)
 on input line 176.
LaTeX Encoding Info:    Redeclaring text symbol \textdegree (encoding TS1) on i
nput line 177.
LaTeX Encoding Info:    Redeclaring text symbol \textpm (encoding TS1) on input
 line 178.
LaTeX Encoding Info:    Redeclaring text symbol \texttwosuperior (encoding TS1)
 on input line 179.
LaTeX Encoding Info:    Redeclaring text symbol \textthreesuperior (encoding TS
1) on input line 180.
LaTeX Encoding Info:    Redeclaring text symbol \textasciiacute (encoding TS1) 
on input line 181.
LaTeX Encoding Info:    Redeclaring text symbol \textmu (encoding TS1) on input
 line 182.
LaTeX Encoding Info:    Redeclaring text symbol \textparagraph (encoding TS1) o
n input line 183.
LaTeX Encoding Info:    Redeclaring text symbol \textperiodcentered (encoding T
S1) on input line 184.
LaTeX Encoding Info:    Redeclaring text symbol \textreferencemark (encoding TS
1) on input line 185.
LaTeX Encoding Info:    Redeclaring text symbol \textonesuperior (encoding TS1)
 on input line 186.
LaTeX Encoding Info:    Redeclaring text symbol \textordmasculine (encoding TS1
) on input line 187.
LaTeX Encoding Info:    Redeclaring text symbol \textsurd (encoding TS1) on inp
ut line 188.
LaTeX Encoding Info:    Redeclaring text symbol \textonequarter (encoding TS1) 
on input line 189.
LaTeX Encoding Info:    Redeclaring text symbol \textonehalf (encoding TS1) on 
input line 190.
LaTeX Encoding Info:    Redeclaring text symbol \textthreequarters (encoding TS
1) on input line 191.
LaTeX Encoding Info:    Redeclaring text symbol \texteuro (encoding TS1) on inp
ut line 192.
LaTeX Encoding Info:    Redeclaring text symbol \texttimes (encoding TS1) on in
put line 193.
LaTeX Encoding Info:    Redeclaring text symbol \textdiv (encoding TS1) on inpu
t line 194.
))
\g__um_fam_int=\count306
\g__um_fonts_used_int=\count307
\l__um_primecount_int=\count308
\g__um_primekern_muskip=\muskip18

(C:\Users\Manuel Oviedo\AppData\Local\Programs\MiKTeX\tex/latex/unicode-math\un
icode-math-table.tex))) (C:\Users\Manuel Oviedo\AppData\Local\Programs\MiKTeX\t
ex/latex/lm\lmodern.sty
Package: lmodern 2015/05/01 v1.6.1 Latin Modern Fonts
LaTeX Font Info:    Overwriting symbol font `operators' in version `normal'
(Font)                  OT1/cmr/m/n --> OT1/lmr/m/n on input line 22.
LaTeX Font Info:    Overwriting symbol font `letters' in version `normal'
(Font)                  OML/cmm/m/it --> OML/lmm/m/it on input line 23.
LaTeX Font Info:    Overwriting symbol font `symbols' in version `normal'
(Font)                  OMS/cmsy/m/n --> OMS/lmsy/m/n on input line 24.
LaTeX Font Info:    Overwriting symbol font `largesymbols' in version `normal'
(Font)                  OMX/cmex/m/n --> OMX/lmex/m/n on input line 25.
LaTeX Font Info:    Overwriting symbol font `operators' in version `bold'
(Font)                  OT1/cmr/bx/n --> OT1/lmr/bx/n on input line 26.
LaTeX Font Info:    Overwriting symbol font `letters' in version `bold'
(Font)                  OML/cmm/b/it --> OML/lmm/b/it on input line 27.
LaTeX Font Info:    Overwriting symbol font `symbols' in version `bold'
(Font)                  OMS/cmsy/b/n --> OMS/lmsy/b/n on input line 28.
LaTeX Font Info:    Overwriting symbol font `largesymbols' in version `bold'
(Font)                  OMX/cmex/m/n --> OMX/lmex/m/n on input line 29.
LaTeX Font Info:    Overwriting math alphabet `\mathbf' in version `normal'
(Font)                  OT1/cmr/bx/n --> OT1/lmr/bx/n on input line 31.
LaTeX Font Info:    Overwriting math alphabet `\mathsf' in version `normal'
(Font)                  OT1/cmss/m/n --> OT1/lmss/m/n on input line 32.
LaTeX Font Info:    Overwriting math alphabet `\mathit' in version `normal'
(Font)                  OT1/cmr/m/it --> OT1/lmr/m/it on input line 33.
LaTeX Font Info:    Overwriting math alphabet `\mathtt' in version `normal'
(Font)                  OT1/cmtt/m/n --> OT1/lmtt/m/n on input line 34.
LaTeX Font Info:    Overwriting math alphabet `\mathbf' in version `bold'
(Font)                  OT1/cmr/bx/n --> OT1/lmr/bx/n on input line 35.
LaTeX Font Info:    Overwriting math alphabet `\mathsf' in version `bold'
(Font)                  OT1/cmss/bx/n --> OT1/lmss/bx/n on input line 36.
LaTeX Font Info:    Overwriting math alphabet `\mathit' in version `bold'
(Font)                  OT1/cmr/bx/it --> OT1/lmr/bx/it on input line 37.
LaTeX Font Info:    Overwriting math alphabet `\mathtt' in version `bold'
(Font)                  OT1/cmtt/m/n --> OT1/lmtt/m/n on input line 38.
)
(C:\Users\Manuel Oviedo\AppData\Local\Programs\MiKTeX\tex/latex/upquote\upquote
.sty
Package: upquote 2012/04/19 v1.3 upright-quote and grave-accent glyphs in verba
tim

(C:\Users\Manuel Oviedo\AppData\Local\Programs\MiKTeX\tex/latex/base\textcomp.s
ty
Package: textcomp 2024/04/24 v2.1b Standard LaTeX package
))
(C:\Users\Manuel Oviedo\AppData\Local\Programs\MiKTeX\tex/latex/microtype\micro
type.sty
Package: microtype 2025/07/09 v3.2b Micro-typographical refinements (RS)

(C:\Users\Manuel Oviedo\AppData\Local\Programs\MiKTeX\tex/latex/graphics\keyval
.sty
Package: keyval 2022/05/29 v1.15 key=value parser (DPC)
\KV@toks@=\toks22
)
(C:\Users\Manuel Oviedo\AppData\Local\Programs\MiKTeX\tex/latex/etoolbox\etoolb
ox.sty
Package: etoolbox 2025/10/02 v2.5m e-TeX tools for LaTeX (JAW)
\etb@tempcnta=\count309
)
\MT@toks=\toks23
\MT@tempbox=\box55
\MT@count=\count310
LaTeX Info: Redefining \noprotrusionifhmode on input line 1087.
LaTeX Info: Redefining \leftprotrusion on input line 1088.
\MT@prot@toks=\toks24
LaTeX Info: Redefining \rightprotrusion on input line 1107.
LaTeX Info: Redefining \textls on input line 1449.
\MT@outer@kern=\dimen161
LaTeX Info: Redefining \microtypecontext on input line 2053.
LaTeX Info: Redefining \textmicrotypecontext on input line 2070.
\MT@listname@count=\count311

(C:\Users\Manuel Oviedo\AppData\Local\Programs\MiKTeX\tex/latex/microtype\micro
type-xetex.def
File: microtype-xetex.def 2025/07/09 v3.2b Definitions specific to xetex (RS)
LaTeX Info: Redefining \lsstyle on input line 443.
LaTeX Info: Redefining \lslig on input line 451.
\MT@outer@space=\skip54
)
Package microtype Info: Loading configuration file microtype.cfg.

(C:\Users\Manuel Oviedo\AppData\Local\Programs\MiKTeX\tex/latex/microtype\micro
type.cfg
File: microtype.cfg 2025/07/09 v3.2b microtype main configuration file (RS)
)
LaTeX Info: Redefining \microtypesetup on input line 3065.
)
(C:\Users\Manuel Oviedo\AppData\Local\Programs\MiKTeX\tex/latex/parskip\parskip
.sty
Package: parskip 2021-03-14 v2.0h non-zero parskip adjustments

(C:\Users\Manuel Oviedo\AppData\Local\Programs\MiKTeX\tex/latex/kvoptions\kvopt
ions.sty
Package: kvoptions 2022-06-15 v3.15 Key value format for package options (HO)

(C:\Users\Manuel Oviedo\AppData\Local\Programs\MiKTeX\tex/generic/ltxcmds\ltxcm
ds.sty
Package: ltxcmds 2023-12-04 v1.26 LaTeX kernel commands for general use (HO)
)
(C:\Users\Manuel Oviedo\AppData\Local\Programs\MiKTeX\tex/latex/kvsetkeys\kvset
keys.sty
Package: kvsetkeys 2022-10-05 v1.19 Key value parser (HO)
)))
(C:\Users\Manuel Oviedo\AppData\Local\Programs\MiKTeX\tex/latex/fancyvrb\fancyv
rb.sty
Package: fancyvrb 2025/07/28 4.6 verbatim text (tvz,hv)
\FV@CodeLineNo=\count312
\FV@InFile=\read2
\FV@TabBox=\box56
\c@FancyVerbLine=\count313
\FV@StepNumber=\count314
\FV@OutFile=\write3
)
(C:\Users\Manuel Oviedo\AppData\Local\Programs\MiKTeX\tex/latex/framed\framed.s
ty
Package: framed 2011/10/22 v 0.96: framed or shaded text with page breaks
\OuterFrameSep=\skip55
\fb@frw=\dimen162
\fb@frh=\dimen163
\FrameRule=\dimen164
\FrameSep=\dimen165
)
(C:\Users\Manuel Oviedo\AppData\Local\Programs\MiKTeX\tex/latex/tools\longtable
.sty
Package: longtable 2025-10-13 v4.24 Multi-page Table package (DPC)
\LTleft=\skip56
\LTright=\skip57
\LTpre=\skip58
\LTpost=\skip59
\LTchunksize=\count315
\LTcapwidth=\dimen166
\LT@head=\box57
\LT@firsthead=\box58
\LT@foot=\box59
\LT@lastfoot=\box60
\LT@gbox=\box61
\LT@cols=\count316
\LT@rows=\count317
\c@LT@tables=\count318
\c@LT@chunks=\count319
\LT@p@ftn=\toks25
)
(C:\Users\Manuel Oviedo\AppData\Local\Programs\MiKTeX\tex/latex/booktabs\bookta
bs.sty
Package: booktabs 2020/01/12 v1.61803398 Publication quality tables
\heavyrulewidth=\dimen167
\lightrulewidth=\dimen168
\cmidrulewidth=\dimen169
\belowrulesep=\dimen170
\belowbottomsep=\dimen171
\aboverulesep=\dimen172
\abovetopsep=\dimen173
\cmidrulesep=\dimen174
\cmidrulekern=\dimen175
\defaultaddspace=\dimen176
\@cmidla=\count320
\@cmidlb=\count321
\@aboverulesep=\dimen177
\@belowrulesep=\dimen178
\@thisruleclass=\count322
\@lastruleclass=\count323
\@thisrulewidth=\dimen179
)
(C:\Users\Manuel Oviedo\AppData\Local\Programs\MiKTeX\tex/latex/tools\array.sty
Package: array 2025/09/25 v2.6n Tabular extension package (FMi)
\col@sep=\dimen180
\ar@mcellbox=\box62
\extrarowheight=\dimen181
\NC@list=\toks26
\extratabsurround=\skip60
\backup@length=\skip61
\ar@cellbox=\box63
)
\c@none=\count324
(C:\Users\Manuel Oviedo\AppData\Local\Programs\MiKTeX\tex/latex/tools\calc.sty
Package: calc 2025/03/01 v4.3b Infix arithmetic (KKT,FJ)
\calc@Acount=\count325
\calc@Bcount=\count326
\calc@Adimen=\dimen182
\calc@Bdimen=\dimen183
\calc@Askip=\skip62
\calc@Bskip=\skip63
LaTeX Info: Redefining \setlength on input line 86.
LaTeX Info: Redefining \addtolength on input line 87.
\calc@Ccount=\count327
\calc@Cskip=\skip64
)
(C:\Users\Manuel Oviedo\AppData\Local\Programs\MiKTeX\tex/latex/footnotehyper\f
ootnotehyper.sty
Package: footnotehyper 2025/11/15 v1.1f hyperref aware footnote.sty (JFB)
\FNH@notes=\box64
\FNH@width=\dimen184
\FNH@toks=\toks27
)
(C:\Users\Manuel Oviedo\AppData\Local\Programs\MiKTeX\tex/latex/graphics\graphi
cx.sty
Package: graphicx 2024/12/31 v1.2e Enhanced LaTeX Graphics (DPC,SPQR)

(C:\Users\Manuel Oviedo\AppData\Local\Programs\MiKTeX\tex/latex/graphics\graphi
cs.sty
Package: graphics 2024/08/06 v1.4g Standard LaTeX Graphics (DPC,SPQR)

(C:\Users\Manuel Oviedo\AppData\Local\Programs\MiKTeX\tex/latex/graphics\trig.s
ty
Package: trig 2023/12/02 v1.11 sin cos tan (DPC)
)
(C:\Users\Manuel Oviedo\AppData\Local\Programs\MiKTeX\tex/latex/graphics-cfg\gr
aphics.cfg
File: graphics.cfg 2016/06/04 v1.11 sample graphics configuration
)
Package graphics Info: Driver file: xetex.def on input line 106.
)
\Gin@req@height=\dimen185
\Gin@req@width=\dimen186
)
\pandoc@box=\box65

(C:\Users\Manuel Oviedo\AppData\Local\Programs\MiKTeX\tex/latex/natbib\natbib.s
ty
Package: natbib 2010/09/13 8.31b (PWD, AO)
\bibhang=\skip65
\bibsep=\skip66
LaTeX Info: Redefining \cite on input line 694.
\c@NAT@ctr=\count328
)
(C:\Users\Manuel Oviedo\AppData\Local\Programs\MiKTeX\tex/latex/fontsetup\fonts
etup.sty
Package: fontsetup 2026/06/04 v2.6.0 For easily using font families with mathem
atics

(C:\Users\Manuel Oviedo\AppData\Local\Programs\MiKTeX\tex/generic/oberdiek\ifla
ng.sty
Package: iflang 2018/01/21 v1.7 Checks for the current language (HO)

(C:\Users\Manuel Oviedo\AppData\Local\Programs\MiKTeX\tex/generic/infwarerr\inf
warerr.sty
Package: infwarerr 2019/12/03 v1.5 Providing info/warning/error messages (HO)
)
(C:\Users\Manuel Oviedo\AppData\Local\Programs\MiKTeX\tex/generic/pdftexcmds\pd
ftexcmds.sty
Package: pdftexcmds 2020-06-27 v0.33 Utility functions of pdfTeX for LuaTeX (HO
)
Package pdftexcmds Info: \pdf@primitive is available.
Package pdftexcmds Info: \pdf@ifprimitive is available.
Package pdftexcmds Info: \pdfdraftmode not found.
)
Package iflang Info: Naming convention for patterns: babel.
)
(C:\Users\Manuel Oviedo\AppData\Local\Programs\MiKTeX\tex/latex/fontsetup\fspde
fault.tex
(C:\Users\Manuel Oviedo\AppData\Local\Programs\MiKTeX\tex/latex/newcomputermode
rn\NewCM10-Book.fontspec)

Package fontspec Info: 
(fontspec)             NewCM10-Book.otf scale = 0.9999964596882403.


Package fontspec Info: 
(fontspec)             NewCM10-Book.otf scale = 1.


Package fontspec Info: 
(fontspec)             NewCM08-Book scale = 0.9999964596882403.


Package fontspec Info: 
(fontspec)             NewCM08-Book scale = 1.


Package fontspec Info: 
(fontspec)             NewCM08-Book scale = 0.9999964596882403.


Package fontspec Info: 
(fontspec)             NewCM08-Book scale = 1.


Package fontspec Info: 
(fontspec)             NewCM08-Book scale = 0.9999964596882403.


Package fontspec Info: 
(fontspec)             NewCM08-Book scale = 1.


Package fontspec Info: 
(fontspec)             NewCM08-Book scale = 0.9999964596882403.


Package fontspec Info: 
(fontspec)             NewCM08-Book scale = 1.


Package fontspec Info: 
(fontspec)             NewCM10-Book scale = 0.9999964596882403.


Package fontspec Info: 
(fontspec)             NewCM10-Book scale = 1.


Package fontspec Info: 
(fontspec)             NewCM10-Book scale = 0.9999964596882403.


Package fontspec Info: 
(fontspec)             NewCM10-Book scale = 1.


Package fontspec Info: 
(fontspec)             NewCM10-Bold scale = 0.9707163010643308.


Package fontspec Info: 
(fontspec)             NewCM10-Bold scale = 1.


Package fontspec Info: 
(fontspec)             NewCM10-Bold scale = 0.9707163010643308.


Package fontspec Info: 
(fontspec)             NewCM10-Bold scale = 1.


Package fontspec Info: 
(fontspec)             NewCM08-BookItalic scale = 0.9751096074843788.


Package fontspec Info: 
(fontspec)             NewCM08-BookItalic scale = 1.


Package fontspec Info: 
(fontspec)             NewCM08-BookItalic scale = 0.9751096074843788.


Package fontspec Info: 
(fontspec)             NewCM08-BookItalic scale = 1.


Package fontspec Info: 
(fontspec)             NewCM08-BookItalic scale = 0.9751096074843788.


Package fontspec Info: 
(fontspec)             NewCM08-BookItalic scale = 1.


Package fontspec Info: 
(fontspec)             NewCM08-BookItalic scale = 0.9751096074843788.


Package fontspec Info: 
(fontspec)             NewCM08-BookItalic scale = 1.


Package fontspec Info: 
(fontspec)             NewCM10-BookItalic scale = 0.9999964596882403.


Package fontspec Info: 
(fontspec)             NewCM10-BookItalic scale = 1.


Package fontspec Info: 
(fontspec)             NewCM10-BookItalic scale = 0.9999964596882403.


Package fontspec Info: 
(fontspec)             NewCM10-BookItalic scale = 1.


Package fontspec Info: 
(fontspec)             NewCM08-Book scale = 0.9999964596882403.


Package fontspec Info: 
(fontspec)             NewCM08-Book scale = 1.


Package fontspec Info: 
(fontspec)             NewCM08-Book scale = 0.9999964596882403.


Package fontspec Info: 
(fontspec)             NewCM08-Book scale = 1.


Package fontspec Info: 
(fontspec)             NewCM08-Book scale = 0.9999964596882403.


Package fontspec Info: 
(fontspec)             NewCM08-Book scale = 1.


Package fontspec Info: 
(fontspec)             NewCM08-Book scale = 0.9999964596882403.


Package fontspec Info: 
(fontspec)             NewCM08-Book scale = 1.


Package fontspec Info: 
(fontspec)             NewCM10-Book scale = 0.9999964596882403.


Package fontspec Info: 
(fontspec)             NewCM10-Book scale = 1.


Package fontspec Info: 
(fontspec)             NewCM10-Book scale = 0.9999964596882403.


Package fontspec Info: 
(fontspec)             NewCM10-Book scale = 1.


Package fontspec Info: 
(fontspec)             NewCM08-Book scale = 0.9999964596882403.


Package fontspec Info: 
(fontspec)             NewCM08-Book scale = 1.


Package fontspec Info: 
(fontspec)             NewCM08-Book scale = 0.9999964596882403.


Package fontspec Info: 
(fontspec)             NewCM08-Book scale = 1.


Package fontspec Info: 
(fontspec)             NewCM08-Book scale = 0.9999964596882403.


Package fontspec Info: 
(fontspec)             NewCM08-Book scale = 1.


Package fontspec Info: 
(fontspec)             NewCM08-Book scale = 0.9999964596882403.


Package fontspec Info: 
(fontspec)             NewCM08-Book scale = 1.


Package fontspec Info: 
(fontspec)             NewCM10-Book scale = 0.9999964596882403.


Package fontspec Info: 
(fontspec)             NewCM10-Book scale = 1.


Package fontspec Info: 
(fontspec)             NewCM10-Book scale = 0.9999964596882403.


Package fontspec Info: 
(fontspec)             NewCM10-Book scale = 1.


Package fontspec Info: 
(fontspec)             NewCM10-BoldItalic scale = 0.9707163010643308.


Package fontspec Info: 
(fontspec)             NewCM10-BoldItalic scale = 1.


Package fontspec Info: 
(fontspec)             NewCM10-BoldItalic scale = 0.9707163010643308.


Package fontspec Info: 
(fontspec)             NewCM10-BoldItalic scale = 1.


Package fontspec Info: 
(fontspec)             NewCM10-Bold scale = 0.9707163010643308.


Package fontspec Info: 
(fontspec)             NewCM10-Bold scale = 1.


Package fontspec Info: 
(fontspec)             NewCM10-Bold scale = 0.9707163010643308.


Package fontspec Info: 
(fontspec)             NewCM10-Bold scale = 1.


Package fontspec Info: 
(fontspec)             NewCM10-Bold scale = 0.9707163010643308.


Package fontspec Info: 
(fontspec)             NewCM10-Bold scale = 1.


Package fontspec Info: 
(fontspec)             NewCM10-Bold scale = 0.9707163010643308.


Package fontspec Info: 
(fontspec)             NewCM10-Bold scale = 1.


Package fontspec Info: 
(fontspec)             Font family 'NewCM10-Book.otf(0)' created for font
(fontspec)             'NewCM10-Book.otf' with options
(fontspec)             [Scale=MatchLowercase,Ligatures=TeX,Scale=1,UprightFont=
{NewCM10-Book.otf},UprightFeatures={SizeFeatures={{Size={-8},Font={NewCM08-Book
.otf}},{Size={8},Font={NewCM08-Book.otf}},{Size={8-},Font={NewCM10-Book.otf}},}
},ItalicFont={NewCM10-BookItalic.otf},ItalicFeatures={SizeFeatures={{Size={-8},
Font={NewCM08-BookItalic.otf}},{Size={8},Font={NewCM08-BookItalic.otf}},{Size={
8-},Font={NewCM10-BookItalic.otf}},}},BoldFont={NewCM10-Bold.otf},BoldFeatures=
{SizeFeatures={{Size={0-},Font={NewCM10-Bold.otf}},}},BoldItalicFont={NewCM10-B
oldItalic.otf},BoldItalicFeatures={SizeFeatures={{Size={0-},Font={NewCM10-BoldI
talic.otf}},}},SlantedFont={NewCM10-Book.otf},SlantedFeatures={SizeFeatures={{S
ize={-8},FakeSlant={0.25},Font={NewCM08-Book.otf}},{Size={8},FakeSlant={0.25},F
ont={NewCM08-Book.otf}},{Size={8-},FakeSlant={0.25},Font={NewCM10-Book.otf}},}}
,BoldSlantedFont={NewCM10-Bold.otf},BoldSlantedFeatures={SizeFeatures={{Size={0
-},FakeSlant={0.25},Font={NewCM10-Bold.otf}},}},SwashFont={NewCM10-Book.otf},Sw
ashFeatures={SizeFeatures={{Size={-8},Font={NewCM08-Book.otf}},{Size={8},Font={
NewCM08-Book.otf}},{Size={8-},Font={NewCM10-Book.otf}},}},BoldSwashFont={NewCM1
0-Bold.otf},BoldSwashFeatures={SizeFeatures={{Size={0-},Font={NewCM10-Bold.otf}
},}}].
(fontspec)              
(fontspec)              This font family consists of the following NFSS
(fontspec)             series/shapes:
(fontspec)              
(fontspec)             - 'normal' (m/n) with NFSS spec.:
(fontspec)             <-8>s*[1]"[NewCM08-Book.otf]/OT:script=latn;language=dfl
t;mapping=tex-text;"<8>s*[1]"[NewCM08-Book.otf]/OT:script=latn;language=dflt;ma
pping=tex-text;"<8->s*[1]"[NewCM10-Book.otf]/OT:script=latn;language=dflt;mappi
ng=tex-text;"
(fontspec)             - 'small caps'  (m/sc) with NFSS spec.:
(fontspec)             <-8>s*[1]"[NewCM08-Book.otf]/OT:script=latn;language=dfl
t;+smcp;mapping=tex-text;"<8>s*[1]"[NewCM08-Book.otf]/OT:script=latn;language=d
flt;+smcp;mapping=tex-text;"<8->s*[1]"[NewCM10-Book.otf]/OT:script=latn;languag
e=dflt;+smcp;mapping=tex-text;"
(fontspec)             - 'bold' (b/n) with NFSS spec.:
(fontspec)             <0->s*[1]"[NewCM10-Bold.otf]/OT:script=latn;language=dfl
t;mapping=tex-text;"
(fontspec)             - 'bold small caps'  (b/sc) with NFSS spec.:
(fontspec)             <0->s*[1]"[NewCM10-Bold.otf]/OT:script=latn;language=dfl
t;+smcp;mapping=tex-text;"
(fontspec)             - 'italic' (m/it) with NFSS spec.:
(fontspec)             <-8>s*[1]"[NewCM08-BookItalic.otf]/OT:script=latn;langua
ge=dflt;mapping=tex-text;"<8>s*[1]"[NewCM08-BookItalic.otf]/OT:script=latn;lang
uage=dflt;mapping=tex-text;"<8->s*[1]"[NewCM10-BookItalic.otf]/OT:script=latn;l
anguage=dflt;mapping=tex-text;"
(fontspec)             - 'italic small caps'  (m/scit) with NFSS spec.:
(fontspec)             <-8>s*[1]"[NewCM08-BookItalic.otf]/OT:script=latn;langua
ge=dflt;+smcp;mapping=tex-text;"<8>s*[1]"[NewCM08-BookItalic.otf]/OT:script=lat
n;language=dflt;+smcp;mapping=tex-text;"<8->s*[1]"[NewCM10-BookItalic.otf]/OT:s
cript=latn;language=dflt;+smcp;mapping=tex-text;"
(fontspec)             - 'slanted' (m/sl) with NFSS spec.:
(fontspec)             <-8>s*[1]"[NewCM08-Book.otf]/OT:script=latn;language=dfl
t;slant=0.25;mapping=tex-text;"<8>s*[1]"[NewCM08-Book.otf]/OT:script=latn;langu
age=dflt;slant=0.25;mapping=tex-text;"<8->s*[1]"[NewCM10-Book.otf]/OT:script=la
tn;language=dflt;slant=0.25;mapping=tex-text;"
(fontspec)             - 'slanted small caps'  (m/scsl) with NFSS spec.:
(fontspec)             <-8>s*[1]"[NewCM08-Book.otf]/OT:script=latn;language=dfl
t;slant=0.25;+smcp;mapping=tex-text;"<8>s*[1]"[NewCM08-Book.otf]/OT:script=latn
;language=dflt;slant=0.25;+smcp;mapping=tex-text;"<8->s*[1]"[NewCM10-Book.otf]/
OT:script=latn;language=dflt;slant=0.25;+smcp;mapping=tex-text;"
(fontspec)             - 'swash' (m/sw) with NFSS spec.:
(fontspec)             <-8>s*[1]"[NewCM08-Book.otf]/OT:script=latn;language=dfl
t;mapping=tex-text;"<8>s*[1]"[NewCM08-Book.otf]/OT:script=latn;language=dflt;ma
pping=tex-text;"<8->s*[1]"[NewCM10-Book.otf]/OT:script=latn;language=dflt;mappi
ng=tex-text;"
(fontspec)             -  (m/scsw) with NFSS spec.:
(fontspec)             <-8>s*[1]"[NewCM08-Book.otf]/OT:script=latn;language=dfl
t;+smcp;mapping=tex-text;"<8>s*[1]"[NewCM08-Book.otf]/OT:script=latn;language=d
flt;+smcp;mapping=tex-text;"<8->s*[1]"[NewCM10-Book.otf]/OT:script=latn;languag
e=dflt;+smcp;mapping=tex-text;"
(fontspec)             - 'bold italic' (b/it) with NFSS spec.:
(fontspec)             <0->s*[1]"[NewCM10-BoldItalic.otf]/OT:script=latn;langua
ge=dflt;mapping=tex-text;"
(fontspec)             - 'bold italic small caps'  (b/scit) with NFSS spec.:
(fontspec)             <0->s*[1]"[NewCM10-BoldItalic.otf]/OT:script=latn;langua
ge=dflt;+smcp;mapping=tex-text;"
(fontspec)             - 'bold slanted' (b/sl) with NFSS spec.:
(fontspec)             <0->s*[1]"[NewCM10-Bold.otf]/OT:script=latn;language=dfl
t;slant=0.25;mapping=tex-text;"
(fontspec)             - 'bold slanted small caps'  (b/scsl) with NFSS spec.:
(fontspec)             <0->s*[1]"[NewCM10-Bold.otf]/OT:script=latn;language=dfl
t;slant=0.25;+smcp;mapping=tex-text;"
(fontspec)             - 'bold swash' (b/sw) with NFSS spec.:
(fontspec)             <0->s*[1]"[NewCM10-Bold.otf]/OT:script=latn;language=dfl
t;mapping=tex-text;"
(fontspec)             -  (b/scsw) with NFSS spec.:
(fontspec)             <0->s*[1]"[NewCM10-Bold.otf]/OT:script=latn;language=dfl
t;+smcp;mapping=tex-text;"

LaTeX Font Info:    Font shape `TU/NewCM10-Book.otf(0)/m/n' will be
(Font)              scaled to size 10.0pt on input line 3.

Package fontspec Info: 
(fontspec)             NewCM10-Book.otf scale = 0.9999964596882403.


Package fontspec Info: 
(fontspec)             NewCM08-Book scale = 0.9999964596882403.


Package fontspec Info: 
(fontspec)             NewCM08-Book scale = 0.9999964596882403.


Package fontspec Info: 
(fontspec)             NewCM08-Book scale = 0.9999964596882403.


Package fontspec Info: 
(fontspec)             NewCM08-Book scale = 0.9999964596882403.


Package fontspec Info: 
(fontspec)             NewCM10-Book scale = 0.9999964596882403.


Package fontspec Info: 
(fontspec)             NewCM10-Book scale = 0.9999964596882403.


Package fontspec Info: 
(fontspec)             NewCM10-Bold scale = 0.9707163010643308.


Package fontspec Info: 
(fontspec)             NewCM10-Bold scale = 0.9707163010643308.


Package fontspec Info: 
(fontspec)             NewCM08-BookItalic scale = 0.9751096074843788.


Package fontspec Info: 
(fontspec)             NewCM08-BookItalic scale = 0.9751096074843788.


Package fontspec Info: 
(fontspec)             NewCM08-BookItalic scale = 0.9751096074843788.


Package fontspec Info: 
(fontspec)             NewCM08-BookItalic scale = 0.9751096074843788.


Package fontspec Info: 
(fontspec)             NewCM10-BookItalic scale = 0.9999964596882403.


Package fontspec Info: 
(fontspec)             NewCM10-BookItalic scale = 0.9999964596882403.


Package fontspec Info: 
(fontspec)             NewCM08-Book scale = 0.9999964596882403.


Package fontspec Info: 
(fontspec)             NewCM08-Book scale = 0.9999964596882403.


Package fontspec Info: 
(fontspec)             NewCM08-Book scale = 0.9999964596882403.


Package fontspec Info: 
(fontspec)             NewCM08-Book scale = 0.9999964596882403.


Package fontspec Info: 
(fontspec)             NewCM10-Book scale = 0.9999964596882403.


Package fontspec Info: 
(fontspec)             NewCM10-Book scale = 0.9999964596882403.


Package fontspec Info: 
(fontspec)             NewCM08-Book scale = 0.9999964596882403.


Package fontspec Info: 
(fontspec)             NewCM08-Book scale = 0.9999964596882403.


Package fontspec Info: 
(fontspec)             NewCM08-Book scale = 0.9999964596882403.


Package fontspec Info: 
(fontspec)             NewCM08-Book scale = 0.9999964596882403.


Package fontspec Info: 
(fontspec)             NewCM10-Book scale = 0.9999964596882403.


Package fontspec Info: 
(fontspec)             NewCM10-Book scale = 0.9999964596882403.


Package fontspec Info: 
(fontspec)             NewCM10-BoldItalic scale = 0.9707163010643308.


Package fontspec Info: 
(fontspec)             NewCM10-BoldItalic scale = 0.9707163010643308.


Package fontspec Info: 
(fontspec)             NewCM10-Bold scale = 0.9707163010643308.


Package fontspec Info: 
(fontspec)             NewCM10-Bold scale = 0.9707163010643308.


Package fontspec Info: 
(fontspec)             NewCM10-Bold scale = 0.9707163010643308.


Package fontspec Info: 
(fontspec)             NewCM10-Bold scale = 0.9707163010643308.


Package fontspec Info: 
(fontspec)             Font family 'NewCM10-Book.otf(1)' created for font
(fontspec)             'NewCM10-Book.otf' with options
(fontspec)             [Scale=MatchLowercase,UprightFont={NewCM10-Book.otf},Upr
ightFeatures={SizeFeatures={{Size={-8},Font={NewCM08-Book.otf}},{Size={8},Font=
{NewCM08-Book.otf}},{Size={8-},Font={NewCM10-Book.otf}},}},ItalicFont={NewCM10-
BookItalic.otf},ItalicFeatures={SizeFeatures={{Size={-8},Font={NewCM08-BookItal
ic.otf}},{Size={8},Font={NewCM08-BookItalic.otf}},{Size={8-},Font={NewCM10-Book
Italic.otf}},}},BoldFont={NewCM10-Bold.otf},BoldFeatures={SizeFeatures={{Size={
0-},Font={NewCM10-Bold.otf}},}},BoldItalicFont={NewCM10-BoldItalic.otf},BoldIta
licFeatures={SizeFeatures={{Size={0-},Font={NewCM10-BoldItalic.otf}},}},Slanted
Font={NewCM10-Book.otf},SlantedFeatures={SizeFeatures={{Size={-8},FakeSlant={0.
25},Font={NewCM08-Book.otf}},{Size={8},FakeSlant={0.25},Font={NewCM08-Book.otf}
},{Size={8-},FakeSlant={0.25},Font={NewCM10-Book.otf}},}},BoldSlantedFont={NewC
M10-Bold.otf},BoldSlantedFeatures={SizeFeatures={{Size={0-},FakeSlant={0.25},Fo
nt={NewCM10-Bold.otf}},}},SwashFont={NewCM10-Book.otf},SwashFeatures={SizeFeatu
res={{Size={-8},Font={NewCM08-Book.otf}},{Size={8},Font={NewCM08-Book.otf}},{Si
ze={8-},Font={NewCM10-Book.otf}},}},BoldSwashFont={NewCM10-Bold.otf},BoldSwashF
eatures={SizeFeatures={{Size={0-},Font={NewCM10-Bold.otf}},}}].
(fontspec)              
(fontspec)              This font family consists of the following NFSS
(fontspec)             series/shapes:
(fontspec)              
(fontspec)             - 'normal' (m/n) with NFSS spec.:
(fontspec)             <-8>s*[0.9999964596882403]"[NewCM08-Book.otf]/OT:script=
latn;language=dflt;"<8>s*[0.9999964596882403]"[NewCM08-Book.otf]/OT:script=latn
;language=dflt;"<8->s*[0.9999964596882403]"[NewCM10-Book.otf]/OT:script=latn;la
nguage=dflt;"
(fontspec)             - 'small caps'  (m/sc) with NFSS spec.:
(fontspec)             <-8>s*[0.9999964596882403]"[NewCM08-Book.otf]/OT:script=
latn;language=dflt;+smcp;"<8>s*[0.9999964596882403]"[NewCM08-Book.otf]/OT:scrip
t=latn;language=dflt;+smcp;"<8->s*[0.9999964596882403]"[NewCM10-Book.otf]/OT:sc
ript=latn;language=dflt;+smcp;"
(fontspec)             - 'bold' (b/n) with NFSS spec.:
(fontspec)             <0->s*[0.9707163010643308]"[NewCM10-Bold.otf]/OT:script=
latn;language=dflt;"
(fontspec)             - 'bold small caps'  (b/sc) with NFSS spec.:
(fontspec)             <0->s*[0.9707163010643308]"[NewCM10-Bold.otf]/OT:script=
latn;language=dflt;+smcp;"
(fontspec)             - 'italic' (m/it) with NFSS spec.:
(fontspec)             <-8>s*[0.9751096074843788]"[NewCM08-BookItalic.otf]/OT:s
cript=latn;language=dflt;"<8>s*[0.9751096074843788]"[NewCM08-BookItalic.otf]/OT
:script=latn;language=dflt;"<8->s*[0.9999964596882403]"[NewCM10-BookItalic.otf]
/OT:script=latn;language=dflt;"
(fontspec)             - 'italic small caps'  (m/scit) with NFSS spec.:
(fontspec)             <-8>s*[0.9751096074843788]"[NewCM08-BookItalic.otf]/OT:s
cript=latn;language=dflt;+smcp;"<8>s*[0.9751096074843788]"[NewCM08-BookItalic.o
tf]/OT:script=latn;language=dflt;+smcp;"<8->s*[0.9999964596882403]"[NewCM10-Boo
kItalic.otf]/OT:script=latn;language=dflt;+smcp;"
(fontspec)             - 'slanted' (m/sl) with NFSS spec.:
(fontspec)             <-8>s*[0.9999964596882403]"[NewCM08-Book.otf]/OT:script=
latn;language=dflt;slant=0.25;"<8>s*[0.9999964596882403]"[NewCM08-Book.otf]/OT:
script=latn;language=dflt;slant=0.25;"<8->s*[0.9999964596882403]"[NewCM10-Book.
otf]/OT:script=latn;language=dflt;slant=0.25;"
(fontspec)             - 'slanted small caps'  (m/scsl) with NFSS spec.:
(fontspec)             <-8>s*[0.9999964596882403]"[NewCM08-Book.otf]/OT:script=
latn;language=dflt;slant=0.25;+smcp;"<8>s*[0.9999964596882403]"[NewCM08-Book.ot
f]/OT:script=latn;language=dflt;slant=0.25;+smcp;"<8->s*[0.9999964596882403]"[N
ewCM10-Book.otf]/OT:script=latn;language=dflt;slant=0.25;+smcp;"
(fontspec)             - 'swash' (m/sw) with NFSS spec.:
(fontspec)             <-8>s*[0.9999964596882403]"[NewCM08-Book.otf]/OT:script=
latn;language=dflt;"<8>s*[0.9999964596882403]"[NewCM08-Book.otf]/OT:script=latn
;language=dflt;"<8->s*[0.9999964596882403]"[NewCM10-Book.otf]/OT:script=latn;la
nguage=dflt;"
(fontspec)             -  (m/scsw) with NFSS spec.:
(fontspec)             <-8>s*[0.9999964596882403]"[NewCM08-Book.otf]/OT:script=
latn;language=dflt;+smcp;"<8>s*[0.9999964596882403]"[NewCM08-Book.otf]/OT:scrip
t=latn;language=dflt;+smcp;"<8->s*[0.9999964596882403]"[NewCM10-Book.otf]/OT:sc
ript=latn;language=dflt;+smcp;"
(fontspec)             - 'bold italic' (b/it) with NFSS spec.:
(fontspec)             <0->s*[0.9707163010643308]"[NewCM10-BoldItalic.otf]/OT:s
cript=latn;language=dflt;"
(fontspec)             - 'bold italic small caps'  (b/scit) with NFSS spec.:
(fontspec)             <0->s*[0.9707163010643308]"[NewCM10-BoldItalic.otf]/OT:s
cript=latn;language=dflt;+smcp;"
(fontspec)             - 'bold slanted' (b/sl) with NFSS spec.:
(fontspec)             <0->s*[0.9707163010643308]"[NewCM10-Bold.otf]/OT:script=
latn;language=dflt;slant=0.25;"
(fontspec)             - 'bold slanted small caps'  (b/scsl) with NFSS spec.:
(fontspec)             <0->s*[0.9707163010643308]"[NewCM10-Bold.otf]/OT:script=
latn;language=dflt;slant=0.25;+smcp;"
(fontspec)             - 'bold swash' (b/sw) with NFSS spec.:
(fontspec)             <0->s*[0.9707163010643308]"[NewCM10-Bold.otf]/OT:script=
latn;language=dflt;"
(fontspec)             -  (b/scsw) with NFSS spec.:
(fontspec)             <0->s*[0.9707163010643308]"[NewCM10-Bold.otf]/OT:script=
latn;language=dflt;+smcp;"

LaTeX Font Info:    Overwriting math alphabet `\mathrm' in version `normal'
(Font)                  OT1/lmr/m/n --> TU/NewCM10-Book.otf(1)/m/n on input lin
e 3.
LaTeX Font Info:    Overwriting math alphabet `\mathit' in version `normal'
(Font)                  OT1/lmr/m/it --> TU/NewCM10-Book.otf(1)/m/it on input l
ine 3.
LaTeX Font Info:    Overwriting math alphabet `\mathbf' in version `normal'
(Font)                  OT1/lmr/bx/n --> TU/NewCM10-Book.otf(1)/b/n on input li
ne 3.

(C:\Users\Manuel Oviedo\AppData\Local\Programs\MiKTeX\tex/latex/newcomputermode
rn\NewCMSans10-Book.fontspec)

Package fontspec Info: 
(fontspec)             NewCMSans10-Book.otf scale = 0.9707163010643308.


Package fontspec Info: 
(fontspec)             NewCMSans08-Book scale = 0.9685361203692274.


Package fontspec Info: 
(fontspec)             NewCMSans08-Book scale = 0.9685361203692274.


Package fontspec Info: 
(fontspec)             NewCMSans08-Book scale = 0.9685361203692274.


Package fontspec Info: 
(fontspec)             NewCMSans08-Book scale = 0.9685361203692274.


Package fontspec Info: 
(fontspec)             NewCMSans10-Book scale = 0.9707163010643308.


Package fontspec Info: 
(fontspec)             NewCMSans10-Book scale = 0.9707163010643308.


Package fontspec Info: 
(fontspec)             NewCMSans10-Bold scale = 0.941043990458295.


Package fontspec Info: 
(fontspec)             NewCMSans10-Bold scale = 0.941043990458295.


Package fontspec Info: 
(fontspec)             NewCMSans08-BookOblique scale = 0.9707163010643308.


Package fontspec Info: 
(fontspec)             NewCMSans08-BookOblique scale = 0.9707163010643308.


Package fontspec Info: 
(fontspec)             NewCMSans08-BookOblique scale = 0.9707163010643308.


Package fontspec Info: 
(fontspec)             NewCMSans08-BookOblique scale = 0.9707163010643308.


Package fontspec Info: 
(fontspec)             NewCMSans10-BookOblique scale = 0.9707163010643308.


Package fontspec Info: 
(fontspec)             NewCMSans10-BookOblique scale = 0.9707163010643308.


Package fontspec Info: 
(fontspec)             NewCMSans08-Book scale = 0.9685361203692274.


Package fontspec Info: 
(fontspec)             NewCMSans08-Book scale = 0.9685361203692274.


Package fontspec Info: 
(fontspec)             NewCMSans08-Book scale = 0.9685361203692274.


Package fontspec Info: 
(fontspec)             NewCMSans08-Book scale = 0.9685361203692274.


Package fontspec Info: 
(fontspec)             NewCMSans10-Book scale = 0.9707163010643308.


Package fontspec Info: 
(fontspec)             NewCMSans10-Book scale = 0.9707163010643308.


Package fontspec Info: 
(fontspec)             NewCMSans08-Book scale = 0.9685361203692274.


Package fontspec Info: 
(fontspec)             NewCMSans08-Book scale = 0.9685361203692274.


Package fontspec Info: 
(fontspec)             NewCMSans08-Book scale = 0.9685361203692274.


Package fontspec Info: 
(fontspec)             NewCMSans08-Book scale = 0.9685361203692274.


Package fontspec Info: 
(fontspec)             NewCMSans10-Book scale = 0.9707163010643308.


Package fontspec Info: 
(fontspec)             NewCMSans10-Book scale = 0.9707163010643308.


Package fontspec Info: 
(fontspec)             NewCMSans10-BoldOblique scale = 0.941043990458295.


Package fontspec Info: 
(fontspec)             NewCMSans10-BoldOblique scale = 0.941043990458295.


Package fontspec Info: 
(fontspec)             NewCMSans10-Bold scale = 0.941043990458295.


Package fontspec Info: 
(fontspec)             NewCMSans10-Bold scale = 0.941043990458295.


Package fontspec Info: 
(fontspec)             NewCMSans10-Bold scale = 0.941043990458295.


Package fontspec Info: 
(fontspec)             NewCMSans10-Bold scale = 0.941043990458295.


Package fontspec Info: 
(fontspec)             Font family 'NewCMSans10-Book.otf(0)' created for font
(fontspec)             'NewCMSans10-Book.otf' with options
(fontspec)             [Scale=MatchLowercase,Ligatures=TeX,UprightFont={NewCMSa
ns10-Book.otf},UprightFeatures={SizeFeatures={{Size={-8},Font={NewCMSans08-Book
.otf}},{Size={8},Font={NewCMSans08-Book.otf}},{Size={8-},Font={NewCMSans10-Book
.otf}},}},ItalicFont={NewCMSans10-BookOblique.otf},ItalicFeatures={SizeFeatures
={{Size={-8},Font={NewCMSans08-BookOblique.otf}},{Size={8},Font={NewCMSans08-Bo
okOblique.otf}},{Size={8-},Font={NewCMSans10-BookOblique.otf}},}},BoldFont={New
CMSans10-Bold.otf},BoldFeatures={SizeFeatures={{Size={0-},Font={NewCMSans10-Bol
d.otf}},}},BoldItalicFont={NewCMSans10-BoldOblique.otf},BoldItalicFeatures={Siz
eFeatures={{Size={0-},Font={NewCMSans10-BoldOblique.otf}},}},SlantedFont={NewCM
Sans10-Book.otf},SlantedFeatures={SizeFeatures={{Size={-8},FakeSlant={0.25},Fon
t={NewCMSans08-Book.otf}},{Size={8},FakeSlant={0.25},Font={NewCMSans08-Book.otf
}},{Size={8-},FakeSlant={0.25},Font={NewCMSans10-Book.otf}},}},BoldSlantedFont=
{NewCMSans10-Bold.otf},BoldSlantedFeatures={SizeFeatures={{Size={0-},FakeSlant=
{0.25},Font={NewCMSans10-Bold.otf}},}},SwashFont={NewCMSans10-Book.otf},SwashFe
atures={SizeFeatures={{Size={-8},Font={NewCMSans08-Book.otf}},{Size={8},Font={N
ewCMSans08-Book.otf}},{Size={8-},Font={NewCMSans10-Book.otf}},}},BoldSwashFont=
{NewCMSans10-Bold.otf},BoldSwashFeatures={SizeFeatures={{Size={0-},Font={NewCMS
ans10-Bold.otf}},}}].
(fontspec)              
(fontspec)              This font family consists of the following NFSS
(fontspec)             series/shapes:
(fontspec)              
(fontspec)             - 'normal' (m/n) with NFSS spec.:
(fontspec)             <-8>s*[0.9685361203692274]"[NewCMSans08-Book.otf]/OT:scr
ipt=latn;language=dflt;mapping=tex-text;"<8>s*[0.9685361203692274]"[NewCMSans08
-Book.otf]/OT:script=latn;language=dflt;mapping=tex-text;"<8->s*[0.970716301064
3308]"[NewCMSans10-Book.otf]/OT:script=latn;language=dflt;mapping=tex-text;"
(fontspec)             - 'small caps'  (m/sc) with NFSS spec.:
(fontspec)             <-8>s*[0.9685361203692274]"[NewCMSans08-Book.otf]/OT:scr
ipt=latn;language=dflt;+smcp;mapping=tex-text;"<8>s*[0.9685361203692274]"[NewCM
Sans08-Book.otf]/OT:script=latn;language=dflt;+smcp;mapping=tex-text;"<8->s*[0.
9707163010643308]"[NewCMSans10-Book.otf]/OT:script=latn;language=dflt;+smcp;map
ping=tex-text;"
(fontspec)             - 'bold' (b/n) with NFSS spec.:
(fontspec)             <0->s*[0.941043990458295]"[NewCMSans10-Bold.otf]/OT:scri
pt=latn;language=dflt;mapping=tex-text;"
(fontspec)             - 'bold small caps'  (b/sc) with NFSS spec.:
(fontspec)             <0->s*[0.941043990458295]"[NewCMSans10-Bold.otf]/OT:scri
pt=latn;language=dflt;+smcp;mapping=tex-text;"
(fontspec)             - 'italic' (m/it) with NFSS spec.:
(fontspec)             <-8>s*[0.9707163010643308]"[NewCMSans08-BookOblique.otf]
/OT:script=latn;language=dflt;mapping=tex-text;"<8>s*[0.9707163010643308]"[NewC
MSans08-BookOblique.otf]/OT:script=latn;language=dflt;mapping=tex-text;"<8->s*[
0.9707163010643308]"[NewCMSans10-BookOblique.otf]/OT:script=latn;language=dflt;
mapping=tex-text;"
(fontspec)             - 'italic small caps'  (m/scit) with NFSS spec.:
(fontspec)             <-8>s*[0.9707163010643308]"[NewCMSans08-BookOblique.otf]
/OT:script=latn;language=dflt;+smcp;mapping=tex-text;"<8>s*[0.9707163010643308]
"[NewCMSans08-BookOblique.otf]/OT:script=latn;language=dflt;+smcp;mapping=tex-t
ext;"<8->s*[0.9707163010643308]"[NewCMSans10-BookOblique.otf]/OT:script=latn;la
nguage=dflt;+smcp;mapping=tex-text;"
(fontspec)             - 'slanted' (m/sl) with NFSS spec.:
(fontspec)             <-8>s*[0.9685361203692274]"[NewCMSans08-Book.otf]/OT:scr
ipt=latn;language=dflt;slant=0.25;mapping=tex-text;"<8>s*[0.9685361203692274]"[
NewCMSans08-Book.otf]/OT:script=latn;language=dflt;slant=0.25;mapping=tex-text;
"<8->s*[0.9707163010643308]"[NewCMSans10-Book.otf]/OT:script=latn;language=dflt
;slant=0.25;mapping=tex-text;"
(fontspec)             - 'slanted small caps'  (m/scsl) with NFSS spec.:
(fontspec)             <-8>s*[0.9685361203692274]"[NewCMSans08-Book.otf]/OT:scr
ipt=latn;language=dflt;slant=0.25;+smcp;mapping=tex-text;"<8>s*[0.9685361203692
274]"[NewCMSans08-Book.otf]/OT:script=latn;language=dflt;slant=0.25;+smcp;mappi
ng=tex-text;"<8->s*[0.9707163010643308]"[NewCMSans10-Book.otf]/OT:script=latn;l
anguage=dflt;slant=0.25;+smcp;mapping=tex-text;"
(fontspec)             - 'swash' (m/sw) with NFSS spec.:
(fontspec)             <-8>s*[0.9685361203692274]"[NewCMSans08-Book.otf]/OT:scr
ipt=latn;language=dflt;mapping=tex-text;"<8>s*[0.9685361203692274]"[NewCMSans08
-Book.otf]/OT:script=latn;language=dflt;mapping=tex-text;"<8->s*[0.970716301064
3308]"[NewCMSans10-Book.otf]/OT:script=latn;language=dflt;mapping=tex-text;"
(fontspec)             -  (m/scsw) with NFSS spec.:
(fontspec)             <-8>s*[0.9685361203692274]"[NewCMSans08-Book.otf]/OT:scr
ipt=latn;language=dflt;+smcp;mapping=tex-text;"<8>s*[0.9685361203692274]"[NewCM
Sans08-Book.otf]/OT:script=latn;language=dflt;+smcp;mapping=tex-text;"<8->s*[0.
9707163010643308]"[NewCMSans10-Book.otf]/OT:script=latn;language=dflt;+smcp;map
ping=tex-text;"
(fontspec)             - 'bold italic' (b/it) with NFSS spec.:
(fontspec)             <0->s*[0.941043990458295]"[NewCMSans10-BoldOblique.otf]/
OT:script=latn;language=dflt;mapping=tex-text;"
(fontspec)             - 'bold italic small caps'  (b/scit) with NFSS spec.:
(fontspec)             <0->s*[0.941043990458295]"[NewCMSans10-BoldOblique.otf]/
OT:script=latn;language=dflt;+smcp;mapping=tex-text;"
(fontspec)             - 'bold slanted' (b/sl) with NFSS spec.:
(fontspec)             <0->s*[0.941043990458295]"[NewCMSans10-Bold.otf]/OT:scri
pt=latn;language=dflt;slant=0.25;mapping=tex-text;"
(fontspec)             - 'bold slanted small caps'  (b/scsl) with NFSS spec.:
(fontspec)             <0->s*[0.941043990458295]"[NewCMSans10-Bold.otf]/OT:scri
pt=latn;language=dflt;slant=0.25;+smcp;mapping=tex-text;"
(fontspec)             - 'bold swash' (b/sw) with NFSS spec.:
(fontspec)             <0->s*[0.941043990458295]"[NewCMSans10-Bold.otf]/OT:scri
pt=latn;language=dflt;mapping=tex-text;"
(fontspec)             -  (b/scsw) with NFSS spec.:
(fontspec)             <0->s*[0.941043990458295]"[NewCMSans10-Bold.otf]/OT:scri
pt=latn;language=dflt;+smcp;mapping=tex-text;"


Package fontspec Info: 
(fontspec)             NewCMSans10-Book.otf scale = 0.9707163010643308.


Package fontspec Info: 
(fontspec)             NewCMSans08-Book scale = 0.9685361203692274.


Package fontspec Info: 
(fontspec)             NewCMSans08-Book scale = 0.9685361203692274.


Package fontspec Info: 
(fontspec)             NewCMSans08-Book scale = 0.9685361203692274.


Package fontspec Info: 
(fontspec)             NewCMSans08-Book scale = 0.9685361203692274.


Package fontspec Info: 
(fontspec)             NewCMSans10-Book scale = 0.9707163010643308.


Package fontspec Info: 
(fontspec)             NewCMSans10-Book scale = 0.9707163010643308.


Package fontspec Info: 
(fontspec)             NewCMSans10-Bold scale = 0.941043990458295.


Package fontspec Info: 
(fontspec)             NewCMSans10-Bold scale = 0.941043990458295.


Package fontspec Info: 
(fontspec)             NewCMSans08-BookOblique scale = 0.9707163010643308.


Package fontspec Info: 
(fontspec)             NewCMSans08-BookOblique scale = 0.9707163010643308.


Package fontspec Info: 
(fontspec)             NewCMSans08-BookOblique scale = 0.9707163010643308.


Package fontspec Info: 
(fontspec)             NewCMSans08-BookOblique scale = 0.9707163010643308.


Package fontspec Info: 
(fontspec)             NewCMSans10-BookOblique scale = 0.9707163010643308.


Package fontspec Info: 
(fontspec)             NewCMSans10-BookOblique scale = 0.9707163010643308.


Package fontspec Info: 
(fontspec)             NewCMSans08-Book scale = 0.9685361203692274.


Package fontspec Info: 
(fontspec)             NewCMSans08-Book scale = 0.9685361203692274.


Package fontspec Info: 
(fontspec)             NewCMSans08-Book scale = 0.9685361203692274.


Package fontspec Info: 
(fontspec)             NewCMSans08-Book scale = 0.9685361203692274.


Package fontspec Info: 
(fontspec)             NewCMSans10-Book scale = 0.9707163010643308.


Package fontspec Info: 
(fontspec)             NewCMSans10-Book scale = 0.9707163010643308.


Package fontspec Info: 
(fontspec)             NewCMSans08-Book scale = 0.9685361203692274.


Package fontspec Info: 
(fontspec)             NewCMSans08-Book scale = 0.9685361203692274.


Package fontspec Info: 
(fontspec)             NewCMSans08-Book scale = 0.9685361203692274.


Package fontspec Info: 
(fontspec)             NewCMSans08-Book scale = 0.9685361203692274.


Package fontspec Info: 
(fontspec)             NewCMSans10-Book scale = 0.9707163010643308.


Package fontspec Info: 
(fontspec)             NewCMSans10-Book scale = 0.9707163010643308.


Package fontspec Info: 
(fontspec)             NewCMSans10-BoldOblique scale = 0.941043990458295.


Package fontspec Info: 
(fontspec)             NewCMSans10-BoldOblique scale = 0.941043990458295.


Package fontspec Info: 
(fontspec)             NewCMSans10-Bold scale = 0.941043990458295.


Package fontspec Info: 
(fontspec)             NewCMSans10-Bold scale = 0.941043990458295.


Package fontspec Info: 
(fontspec)             NewCMSans10-Bold scale = 0.941043990458295.


Package fontspec Info: 
(fontspec)             NewCMSans10-Bold scale = 0.941043990458295.


Package fontspec Info: 
(fontspec)             Font family 'NewCMSans10-Book.otf(1)' created for font
(fontspec)             'NewCMSans10-Book.otf' with options
(fontspec)             [Scale=MatchLowercase,UprightFont={NewCMSans10-Book.otf}
,UprightFeatures={SizeFeatures={{Size={-8},Font={NewCMSans08-Book.otf}},{Size={
8},Font={NewCMSans08-Book.otf}},{Size={8-},Font={NewCMSans10-Book.otf}},}},Ital
icFont={NewCMSans10-BookOblique.otf},ItalicFeatures={SizeFeatures={{Size={-8},F
ont={NewCMSans08-BookOblique.otf}},{Size={8},Font={NewCMSans08-BookOblique.otf}
},{Size={8-},Font={NewCMSans10-BookOblique.otf}},}},BoldFont={NewCMSans10-Bold.
otf},BoldFeatures={SizeFeatures={{Size={0-},Font={NewCMSans10-Bold.otf}},}},Bol
dItalicFont={NewCMSans10-BoldOblique.otf},BoldItalicFeatures={SizeFeatures={{Si
ze={0-},Font={NewCMSans10-BoldOblique.otf}},}},SlantedFont={NewCMSans10-Book.ot
f},SlantedFeatures={SizeFeatures={{Size={-8},FakeSlant={0.25},Font={NewCMSans08
-Book.otf}},{Size={8},FakeSlant={0.25},Font={NewCMSans08-Book.otf}},{Size={8-},
FakeSlant={0.25},Font={NewCMSans10-Book.otf}},}},BoldSlantedFont={NewCMSans10-B
old.otf},BoldSlantedFeatures={SizeFeatures={{Size={0-},FakeSlant={0.25},Font={N
ewCMSans10-Bold.otf}},}},SwashFont={NewCMSans10-Book.otf},SwashFeatures={SizeFe
atures={{Size={-8},Font={NewCMSans08-Book.otf}},{Size={8},Font={NewCMSans08-Boo
k.otf}},{Size={8-},Font={NewCMSans10-Book.otf}},}},BoldSwashFont={NewCMSans10-B
old.otf},BoldSwashFeatures={SizeFeatures={{Size={0-},Font={NewCMSans10-Bold.otf
}},}}].
(fontspec)              
(fontspec)              This font family consists of the following NFSS
(fontspec)             series/shapes:
(fontspec)              
(fontspec)             - 'normal' (m/n) with NFSS spec.:
(fontspec)             <-8>s*[0.9685361203692274]"[NewCMSans08-Book.otf]/OT:scr
ipt=latn;language=dflt;"<8>s*[0.9685361203692274]"[NewCMSans08-Book.otf]/OT:scr
ipt=latn;language=dflt;"<8->s*[0.9707163010643308]"[NewCMSans10-Book.otf]/OT:sc
ript=latn;language=dflt;"
(fontspec)             - 'small caps'  (m/sc) with NFSS spec.:
(fontspec)             <-8>s*[0.9685361203692274]"[NewCMSans08-Book.otf]/OT:scr
ipt=latn;language=dflt;+smcp;"<8>s*[0.9685361203692274]"[NewCMSans08-Book.otf]/
OT:script=latn;language=dflt;+smcp;"<8->s*[0.9707163010643308]"[NewCMSans10-Boo
k.otf]/OT:script=latn;language=dflt;+smcp;"
(fontspec)             - 'bold' (b/n) with NFSS spec.:
(fontspec)             <0->s*[0.941043990458295]"[NewCMSans10-Bold.otf]/OT:scri
pt=latn;language=dflt;"
(fontspec)             - 'bold small caps'  (b/sc) with NFSS spec.:
(fontspec)             <0->s*[0.941043990458295]"[NewCMSans10-Bold.otf]/OT:scri
pt=latn;language=dflt;+smcp;"
(fontspec)             - 'italic' (m/it) with NFSS spec.:
(fontspec)             <-8>s*[0.9707163010643308]"[NewCMSans08-BookOblique.otf]
/OT:script=latn;language=dflt;"<8>s*[0.9707163010643308]"[NewCMSans08-BookObliq
ue.otf]/OT:script=latn;language=dflt;"<8->s*[0.9707163010643308]"[NewCMSans10-B
ookOblique.otf]/OT:script=latn;language=dflt;"
(fontspec)             - 'italic small caps'  (m/scit) with NFSS spec.:
(fontspec)             <-8>s*[0.9707163010643308]"[NewCMSans08-BookOblique.otf]
/OT:script=latn;language=dflt;+smcp;"<8>s*[0.9707163010643308]"[NewCMSans08-Boo
kOblique.otf]/OT:script=latn;language=dflt;+smcp;"<8->s*[0.9707163010643308]"[N
ewCMSans10-BookOblique.otf]/OT:script=latn;language=dflt;+smcp;"
(fontspec)             - 'slanted' (m/sl) with NFSS spec.:
(fontspec)             <-8>s*[0.9685361203692274]"[NewCMSans08-Book.otf]/OT:scr
ipt=latn;language=dflt;slant=0.25;"<8>s*[0.9685361203692274]"[NewCMSans08-Book.
otf]/OT:script=latn;language=dflt;slant=0.25;"<8->s*[0.9707163010643308]"[NewCM
Sans10-Book.otf]/OT:script=latn;language=dflt;slant=0.25;"
(fontspec)             - 'slanted small caps'  (m/scsl) with NFSS spec.:
(fontspec)             <-8>s*[0.9685361203692274]"[NewCMSans08-Book.otf]/OT:scr
ipt=latn;language=dflt;slant=0.25;+smcp;"<8>s*[0.9685361203692274]"[NewCMSans08
-Book.otf]/OT:script=latn;language=dflt;slant=0.25;+smcp;"<8->s*[0.970716301064
3308]"[NewCMSans10-Book.otf]/OT:script=latn;language=dflt;slant=0.25;+smcp;"
(fontspec)             - 'swash' (m/sw) with NFSS spec.:
(fontspec)             <-8>s*[0.9685361203692274]"[NewCMSans08-Book.otf]/OT:scr
ipt=latn;language=dflt;"<8>s*[0.9685361203692274]"[NewCMSans08-Book.otf]/OT:scr
ipt=latn;language=dflt;"<8->s*[0.9707163010643308]"[NewCMSans10-Book.otf]/OT:sc
ript=latn;language=dflt;"
(fontspec)             -  (m/scsw) with NFSS spec.:
(fontspec)             <-8>s*[0.9685361203692274]"[NewCMSans08-Book.otf]/OT:scr
ipt=latn;language=dflt;+smcp;"<8>s*[0.9685361203692274]"[NewCMSans08-Book.otf]/
OT:script=latn;language=dflt;+smcp;"<8->s*[0.9707163010643308]"[NewCMSans10-Boo
k.otf]/OT:script=latn;language=dflt;+smcp;"
(fontspec)             - 'bold italic' (b/it) with NFSS spec.:
(fontspec)             <0->s*[0.941043990458295]"[NewCMSans10-BoldOblique.otf]/
OT:script=latn;language=dflt;"
(fontspec)             - 'bold italic small caps'  (b/scit) with NFSS spec.:
(fontspec)             <0->s*[0.941043990458295]"[NewCMSans10-BoldOblique.otf]/
OT:script=latn;language=dflt;+smcp;"
(fontspec)             - 'bold slanted' (b/sl) with NFSS spec.:
(fontspec)             <0->s*[0.941043990458295]"[NewCMSans10-Bold.otf]/OT:scri
pt=latn;language=dflt;slant=0.25;"
(fontspec)             - 'bold slanted small caps'  (b/scsl) with NFSS spec.:
(fontspec)             <0->s*[0.941043990458295]"[NewCMSans10-Bold.otf]/OT:scri
pt=latn;language=dflt;slant=0.25;+smcp;"
(fontspec)             - 'bold swash' (b/sw) with NFSS spec.:
(fontspec)             <0->s*[0.941043990458295]"[NewCMSans10-Bold.otf]/OT:scri
pt=latn;language=dflt;"
(fontspec)             -  (b/scsw) with NFSS spec.:
(fontspec)             <0->s*[0.941043990458295]"[NewCMSans10-Bold.otf]/OT:scri
pt=latn;language=dflt;+smcp;"

LaTeX Font Info:    Overwriting math alphabet `\mathsf' in version `normal'
(Font)                  OT1/lmss/m/n --> TU/NewCMSans10-Book.otf(1)/m/n on inpu
t line 4.
LaTeX Font Info:    Overwriting math alphabet `\mathsf' in version `bold'
(Font)                  OT1/lmss/bx/n --> TU/NewCMSans10-Book.otf(1)/b/n on inp
ut line 4.

(C:\Users\Manuel Oviedo\AppData\Local\Programs\MiKTeX\tex/latex/newcomputermode
rn\NewCMMono10-Book.fontspec)

Package fontspec Info: 
(fontspec)             NewCMMono10-Book.otf scale = 0.9999964596882403.


Package fontspec Info: 
(fontspec)             NewCMMono10-Book scale = 0.9999964596882403.


Package fontspec Info: 
(fontspec)             NewCMMono10-Book scale = 0.9999964596882403.


Package fontspec Info: 
(fontspec)             NewCMMono10-Bold scale = 0.9999964596882403.


Package fontspec Info: 
(fontspec)             NewCMMono10-Bold scale = 0.9999964596882403.


Package fontspec Info: 
(fontspec)             NewCMMono10-BookItalic scale = 0.9999964596882403.


Package fontspec Info: 
(fontspec)             NewCMMono10-BookItalic scale = 0.9999964596882403.


Package fontspec Info: 
(fontspec)             NewCMMono10-Book scale = 0.9999964596882403.


Package fontspec Info: 
(fontspec)             NewCMMono10-Book scale = 0.9999964596882403.


Package fontspec Info: 
(fontspec)             NewCMMono10-Book scale = 0.9999964596882403.


Package fontspec Info: 
(fontspec)             NewCMMono10-Book scale = 0.9999964596882403.


Package fontspec Info: 
(fontspec)             NewCMMono10-BoldOblique scale = 0.9999964596882403.


Package fontspec Info: 
(fontspec)             NewCMMono10-BoldOblique scale = 0.9999964596882403.


Package fontspec Info: 
(fontspec)             NewCMMono10-Bold scale = 0.9999964596882403.


Package fontspec Info: 
(fontspec)             NewCMMono10-Bold scale = 0.9999964596882403.


Package fontspec Info: 
(fontspec)             NewCMMono10-Bold scale = 0.9999964596882403.


Package fontspec Info: 
(fontspec)             NewCMMono10-Bold scale = 0.9999964596882403.


Package fontspec Info: 
(fontspec)             Font family 'NewCMMono10-Book.otf(0)' created for font
(fontspec)             'NewCMMono10-Book.otf' with options
(fontspec)             [Scale=MatchLowercase,WordSpace={1,0,0},HyphenChar=None,
PunctuationSpace=WordSpace,UprightFont={NewCMMono10-Book.otf},UprightFeatures={
SizeFeatures={{Size={0-},Font={NewCMMono10-Book.otf}},}},ItalicFont={NewCMMono1
0-BookItalic.otf},ItalicFeatures={SizeFeatures={{Size={0-},Font={NewCMMono10-Bo
okItalic.otf}},}},BoldFont={NewCMMono10-Bold.otf},BoldFeatures={SizeFeatures={{
Size={0-},Font={NewCMMono10-Bold.otf}},}},BoldItalicFont={NewCMMono10-BoldObliq
ue.otf},BoldItalicFeatures={SizeFeatures={{Size={0-},Font={NewCMMono10-BoldObli
que.otf}},}},SlantedFont={NewCMMono10-Book.otf},SlantedFeatures={SizeFeatures={
{Size={0-},FakeSlant={0.25},Font={NewCMMono10-Book.otf}},}},BoldSlantedFont={Ne
wCMMono10-Bold.otf},BoldSlantedFeatures={SizeFeatures={{Size={0-},FakeSlant={0.
25},Font={NewCMMono10-Bold.otf}},}},SwashFont={NewCMMono10-Book.otf},SwashFeatu
res={SizeFeatures={{Size={0-},Font={NewCMMono10-Book.otf}},}},BoldSwashFont={Ne
wCMMono10-Bold.otf},BoldSwashFeatures={SizeFeatures={{Size={0-},Font={NewCMMono
10-Bold.otf}},}}].
(fontspec)              
(fontspec)              This font family consists of the following NFSS
(fontspec)             series/shapes:
(fontspec)              
(fontspec)             - 'normal' (m/n) with NFSS spec.:
(fontspec)             <0->s*[0.9999964596882403]"[NewCMMono10-Book.otf]/OT:scr
ipt=latn;language=dflt;"
(fontspec)             - 'small caps'  (m/sc) with NFSS spec.:
(fontspec)             <0->s*[0.9999964596882403]"[NewCMMono10-Book.otf]/OT:scr
ipt=latn;language=dflt;+smcp;"
(fontspec)             and font adjustment code:
(fontspec)             \fontdimen 2\font =1\fontdimen 2\font \fontdimen 3\font
(fontspec)             =0\fontdimen 3\font \fontdimen 4\font =0\fontdimen
(fontspec)             4\font \fontdimen 7\font =0\fontdimen 2\font
(fontspec)             \tex_hyphenchar:D \font =-1\scan_stop: 
(fontspec)             - 'bold' (b/n) with NFSS spec.:
(fontspec)             <0->s*[0.9999964596882403]"[NewCMMono10-Bold.otf]/OT:scr
ipt=latn;language=dflt;"
(fontspec)             - 'bold small caps'  (b/sc) with NFSS spec.:
(fontspec)             <0->s*[0.9999964596882403]"[NewCMMono10-Bold.otf]/OT:scr
ipt=latn;language=dflt;+smcp;"
(fontspec)             and font adjustment code:
(fontspec)             \fontdimen 2\font =1\fontdimen 2\font \fontdimen 3\font
(fontspec)             =0\fontdimen 3\font \fontdimen 4\font =0\fontdimen
(fontspec)             4\font \fontdimen 7\font =0\fontdimen 2\font
(fontspec)             \tex_hyphenchar:D \font =-1\scan_stop: 
(fontspec)             - 'italic' (m/it) with NFSS spec.:
(fontspec)             <0->s*[0.9999964596882403]"[NewCMMono10-BookItalic.otf]/
OT:script=latn;language=dflt;"
(fontspec)             - 'italic small caps'  (m/scit) with NFSS spec.:
(fontspec)             <0->s*[0.9999964596882403]"[NewCMMono10-BookItalic.otf]/
OT:script=latn;language=dflt;+smcp;"
(fontspec)             and font adjustment code:
(fontspec)             \fontdimen 2\font =1\fontdimen 2\font \fontdimen 3\font
(fontspec)             =0\fontdimen 3\font \fontdimen 4\font =0\fontdimen
(fontspec)             4\font \fontdimen 7\font =0\fontdimen 2\font
(fontspec)             \tex_hyphenchar:D \font =-1\scan_stop: 
(fontspec)             - 'slanted' (m/sl) with NFSS spec.:
(fontspec)             <0->s*[0.9999964596882403]"[NewCMMono10-Book.otf]/OT:scr
ipt=latn;language=dflt;slant=0.25;"
(fontspec)             - 'slanted small caps'  (m/scsl) with NFSS spec.:
(fontspec)             <0->s*[0.9999964596882403]"[NewCMMono10-Book.otf]/OT:scr
ipt=latn;language=dflt;slant=0.25;+smcp;"
(fontspec)             and font adjustment code:
(fontspec)             \fontdimen 2\font =1\fontdimen 2\font \fontdimen 3\font
(fontspec)             =0\fontdimen 3\font \fontdimen 4\font =0\fontdimen
(fontspec)             4\font \fontdimen 7\font =0\fontdimen 2\font
(fontspec)             \tex_hyphenchar:D \font =-1\scan_stop: 
(fontspec)             - 'swash' (m/sw) with NFSS spec.:
(fontspec)             <0->s*[0.9999964596882403]"[NewCMMono10-Book.otf]/OT:scr
ipt=latn;language=dflt;"
(fontspec)             -  (m/scsw) with NFSS spec.:
(fontspec)             <0->s*[0.9999964596882403]"[NewCMMono10-Book.otf]/OT:scr
ipt=latn;language=dflt;+smcp;"
(fontspec)             and font adjustment code:
(fontspec)             \fontdimen 2\font =1\fontdimen 2\font \fontdimen 3\font
(fontspec)             =0\fontdimen 3\font \fontdimen 4\font =0\fontdimen
(fontspec)             4\font \fontdimen 7\font =0\fontdimen 2\font
(fontspec)             \tex_hyphenchar:D \font =-1\scan_stop: 
(fontspec)             - 'bold italic' (b/it) with NFSS spec.:
(fontspec)             <0->s*[0.9999964596882403]"[NewCMMono10-BoldOblique.otf]
/OT:script=latn;language=dflt;"
(fontspec)             - 'bold italic small caps'  (b/scit) with NFSS spec.:
(fontspec)             <0->s*[0.9999964596882403]"[NewCMMono10-BoldOblique.otf]
/OT:script=latn;language=dflt;+smcp;"
(fontspec)             and font adjustment code:
(fontspec)             \fontdimen 2\font =1\fontdimen 2\font \fontdimen 3\font
(fontspec)             =0\fontdimen 3\font \fontdimen 4\font =0\fontdimen
(fontspec)             4\font \fontdimen 7\font =0\fontdimen 2\font
(fontspec)             \tex_hyphenchar:D \font =-1\scan_stop: 
(fontspec)             - 'bold slanted' (b/sl) with NFSS spec.:
(fontspec)             <0->s*[0.9999964596882403]"[NewCMMono10-Bold.otf]/OT:scr
ipt=latn;language=dflt;slant=0.25;"
(fontspec)             - 'bold slanted small caps'  (b/scsl) with NFSS spec.:
(fontspec)             <0->s*[0.9999964596882403]"[NewCMMono10-Bold.otf]/OT:scr
ipt=latn;language=dflt;slant=0.25;+smcp;"
(fontspec)             and font adjustment code:
(fontspec)             \fontdimen 2\font =1\fontdimen 2\font \fontdimen 3\font
(fontspec)             =0\fontdimen 3\font \fontdimen 4\font =0\fontdimen
(fontspec)             4\font \fontdimen 7\font =0\fontdimen 2\font
(fontspec)             \tex_hyphenchar:D \font =-1\scan_stop: 
(fontspec)             - 'bold swash' (b/sw) with NFSS spec.:
(fontspec)             <0->s*[0.9999964596882403]"[NewCMMono10-Bold.otf]/OT:scr
ipt=latn;language=dflt;"
(fontspec)             -  (b/scsw) with NFSS spec.:
(fontspec)             <0->s*[0.9999964596882403]"[NewCMMono10-Bold.otf]/OT:scr
ipt=latn;language=dflt;+smcp;"
(fontspec)             and font adjustment code:
(fontspec)             \fontdimen 2\font =1\fontdimen 2\font \fontdimen 3\font
(fontspec)             =0\fontdimen 3\font \fontdimen 4\font =0\fontdimen
(fontspec)             4\font \fontdimen 7\font =0\fontdimen 2\font
(fontspec)             \tex_hyphenchar:D \font =-1\scan_stop: 


Package fontspec Info: 
(fontspec)             NewCMMono10-Book.otf scale = 0.9999964596882403.


Package fontspec Info: 
(fontspec)             NewCMMono10-Book scale = 0.9999964596882403.


Package fontspec Info: 
(fontspec)             NewCMMono10-Book scale = 0.9999964596882403.


Package fontspec Info: 
(fontspec)             NewCMMono10-Bold scale = 0.9999964596882403.


Package fontspec Info: 
(fontspec)             NewCMMono10-Bold scale = 0.9999964596882403.


Package fontspec Info: 
(fontspec)             NewCMMono10-BookItalic scale = 0.9999964596882403.


Package fontspec Info: 
(fontspec)             NewCMMono10-BookItalic scale = 0.9999964596882403.


Package fontspec Info: 
(fontspec)             NewCMMono10-Book scale = 0.9999964596882403.


Package fontspec Info: 
(fontspec)             NewCMMono10-Book scale = 0.9999964596882403.


Package fontspec Info: 
(fontspec)             NewCMMono10-Book scale = 0.9999964596882403.


Package fontspec Info: 
(fontspec)             NewCMMono10-Book scale = 0.9999964596882403.


Package fontspec Info: 
(fontspec)             NewCMMono10-BoldOblique scale = 0.9999964596882403.


Package fontspec Info: 
(fontspec)             NewCMMono10-BoldOblique scale = 0.9999964596882403.


Package fontspec Info: 
(fontspec)             NewCMMono10-Bold scale = 0.9999964596882403.


Package fontspec Info: 
(fontspec)             NewCMMono10-Bold scale = 0.9999964596882403.


Package fontspec Info: 
(fontspec)             NewCMMono10-Bold scale = 0.9999964596882403.


Package fontspec Info: 
(fontspec)             NewCMMono10-Bold scale = 0.9999964596882403.


Package fontspec Info: 
(fontspec)             Font family 'NewCMMono10-Book.otf(1)' created for font
(fontspec)             'NewCMMono10-Book.otf' with options
(fontspec)             [Scale=MatchLowercase,UprightFont={NewCMMono10-Book.otf}
,UprightFeatures={SizeFeatures={{Size={0-},Font={NewCMMono10-Book.otf}},}},Ital
icFont={NewCMMono10-BookItalic.otf},ItalicFeatures={SizeFeatures={{Size={0-},Fo
nt={NewCMMono10-BookItalic.otf}},}},BoldFont={NewCMMono10-Bold.otf},BoldFeature
s={SizeFeatures={{Size={0-},Font={NewCMMono10-Bold.otf}},}},BoldItalicFont={New
CMMono10-BoldOblique.otf},BoldItalicFeatures={SizeFeatures={{Size={0-},Font={Ne
wCMMono10-BoldOblique.otf}},}},SlantedFont={NewCMMono10-Book.otf},SlantedFeatur
es={SizeFeatures={{Size={0-},FakeSlant={0.25},Font={NewCMMono10-Book.otf}},}},B
oldSlantedFont={NewCMMono10-Bold.otf},BoldSlantedFeatures={SizeFeatures={{Size=
{0-},FakeSlant={0.25},Font={NewCMMono10-Bold.otf}},}},SwashFont={NewCMMono10-Bo
ok.otf},SwashFeatures={SizeFeatures={{Size={0-},Font={NewCMMono10-Book.otf}},}}
,BoldSwashFont={NewCMMono10-Bold.otf},BoldSwashFeatures={SizeFeatures={{Size={0
-},Font={NewCMMono10-Bold.otf}},}}].
(fontspec)              
(fontspec)              This font family consists of the following NFSS
(fontspec)             series/shapes:
(fontspec)              
(fontspec)             - 'normal' (m/n) with NFSS spec.:
(fontspec)             <0->s*[0.9999964596882403]"[NewCMMono10-Book.otf]/OT:scr
ipt=latn;language=dflt;"
(fontspec)             - 'small caps'  (m/sc) with NFSS spec.:
(fontspec)             <0->s*[0.9999964596882403]"[NewCMMono10-Book.otf]/OT:scr
ipt=latn;language=dflt;+smcp;"
(fontspec)             - 'bold' (b/n) with NFSS spec.:
(fontspec)             <0->s*[0.9999964596882403]"[NewCMMono10-Bold.otf]/OT:scr
ipt=latn;language=dflt;"
(fontspec)             - 'bold small caps'  (b/sc) with NFSS spec.:
(fontspec)             <0->s*[0.9999964596882403]"[NewCMMono10-Bold.otf]/OT:scr
ipt=latn;language=dflt;+smcp;"
(fontspec)             - 'italic' (m/it) with NFSS spec.:
(fontspec)             <0->s*[0.9999964596882403]"[NewCMMono10-BookItalic.otf]/
OT:script=latn;language=dflt;"
(fontspec)             - 'italic small caps'  (m/scit) with NFSS spec.:
(fontspec)             <0->s*[0.9999964596882403]"[NewCMMono10-BookItalic.otf]/
OT:script=latn;language=dflt;+smcp;"
(fontspec)             - 'slanted' (m/sl) with NFSS spec.:
(fontspec)             <0->s*[0.9999964596882403]"[NewCMMono10-Book.otf]/OT:scr
ipt=latn;language=dflt;slant=0.25;"
(fontspec)             - 'slanted small caps'  (m/scsl) with NFSS spec.:
(fontspec)             <0->s*[0.9999964596882403]"[NewCMMono10-Book.otf]/OT:scr
ipt=latn;language=dflt;slant=0.25;+smcp;"
(fontspec)             - 'swash' (m/sw) with NFSS spec.:
(fontspec)             <0->s*[0.9999964596882403]"[NewCMMono10-Book.otf]/OT:scr
ipt=latn;language=dflt;"
(fontspec)             -  (m/scsw) with NFSS spec.:
(fontspec)             <0->s*[0.9999964596882403]"[NewCMMono10-Book.otf]/OT:scr
ipt=latn;language=dflt;+smcp;"
(fontspec)             - 'bold italic' (b/it) with NFSS spec.:
(fontspec)             <0->s*[0.9999964596882403]"[NewCMMono10-BoldOblique.otf]
/OT:script=latn;language=dflt;"
(fontspec)             - 'bold italic small caps'  (b/scit) with NFSS spec.:
(fontspec)             <0->s*[0.9999964596882403]"[NewCMMono10-BoldOblique.otf]
/OT:script=latn;language=dflt;+smcp;"
(fontspec)             - 'bold slanted' (b/sl) with NFSS spec.:
(fontspec)             <0->s*[0.9999964596882403]"[NewCMMono10-Bold.otf]/OT:scr
ipt=latn;language=dflt;slant=0.25;"
(fontspec)             - 'bold slanted small caps'  (b/scsl) with NFSS spec.:
(fontspec)             <0->s*[0.9999964596882403]"[NewCMMono10-Bold.otf]/OT:scr
ipt=latn;language=dflt;slant=0.25;+smcp;"
(fontspec)             - 'bold swash' (b/sw) with NFSS spec.:
(fontspec)             <0->s*[0.9999964596882403]"[NewCMMono10-Bold.otf]/OT:scr
ipt=latn;language=dflt;"
(fontspec)             -  (b/scsw) with NFSS spec.:
(fontspec)             <0->s*[0.9999964596882403]"[NewCMMono10-Bold.otf]/OT:scr
ipt=latn;language=dflt;+smcp;"

LaTeX Font Info:    Overwriting math alphabet `\mathtt' in version `normal'
(Font)                  OT1/lmtt/m/n --> TU/NewCMMono10-Book.otf(1)/m/n on inpu
t line 5.
LaTeX Font Info:    Overwriting math alphabet `\mathtt' in version `bold'
(Font)                  OT1/lmtt/m/n --> TU/NewCMMono10-Book.otf(1)/b/n on inpu
t line 5.

Package fontspec Info: 
(fontspec)             NewCMUncial10-Book scale = 1.002320745477385.


Package fontspec Info: 
(fontspec)             NewCMUncial08-Book scale = 1.002320745477385.


Package fontspec Info: 
(fontspec)             NewCMUncial08-Book scale = 1.002320745477385.


Package fontspec Info: 
(fontspec)             NewCMUncial10-Book scale = 1.002320745477385.


Package fontspec Info: 
(fontspec)             NewCMUncial10-Bold scale = 0.9685361203692274.


Package fontspec Info: 
(fontspec)             NewCMUncial10-Book scale = 1.002320745477385.


Package fontspec Info: 
(fontspec)             NewCMUncial10-Bold scale = 0.9685361203692274.


Package fontspec Info: 
(fontspec)             Font family 'NewCMUncial10-Book.otf(0)' created for
(fontspec)             font 'NewCMUncial10-Book.otf' with options
(fontspec)             [Scale=MatchLowercase,SizeFeatures={{Size=-8,
(fontspec)             Font=NewCMUncial08-Book.otf,
(fontspec)             BoldFont=NewCMUncial10-Bold.otf,SlantedFont=NewCMUncial0
8-Book.otf,BoldSlantedFont=NewCMUncial10-Bold.otf,},
(fontspec)             {Size=8, Font=NewCMUncial08-Book.otf,
(fontspec)             BoldFont=NewCMUncial08-Bold.otf,SlantedFont=NewCMUncial0
8-Book.otf,BoldSlantedFont=NewCMUncial10-Bold.otf,},
(fontspec)             {Size= 9-, Font = NewCMUncial10-Book.otf,
(fontspec)             BoldFont=NewCMUncial10-Bold.otf,SlantedFont=NewCMUncial1
0-Book.otf,BoldSlantedFont=NewCMUncial10-Bold.otf,}},BoldSlantedFont=NewCMUncia
l10-Bold.otf,SlantedFont=NewCMUncial10-Book.otf,BoldFont=NewCMUncial10-Bold.otf
,SlantedFeatures={FakeSlant=0.25},BoldSlantedFeatures={FakeSlant=0.25}].
(fontspec)              
(fontspec)              This font family consists of the following NFSS
(fontspec)             series/shapes:
(fontspec)              
(fontspec)             - 'normal' (m/n) with NFSS spec.:
(fontspec)             <-8>s*[1.002320745477385]"[NewCMUncial08-Book.otf]/OT:sc
ript=latn;language=dflt;"<8>s*[1.002320745477385]"[NewCMUncial08-Book.otf]/OT:s
cript=latn;language=dflt;"<9->s*[1.002320745477385]"[NewCMUncial10-Book.otf]/OT
:script=latn;language=dflt;"
(fontspec)             - 'bold' (b/n) with NFSS spec.:
(fontspec)             <->s*[0.9685361203692274]"[NewCMUncial10-Bold.otf]/OT:sc
ript=latn;language=dflt;"
(fontspec)             - 'slanted' (m/sl) with NFSS spec.:
(fontspec)             <->s*[1.002320745477385]"[NewCMUncial10-Book.otf]/OT:scr
ipt=latn;language=dflt;slant=0.25;"
(fontspec)             - 'bold slanted' (b/sl) with NFSS spec.:
(fontspec)             <->s*[0.9685361203692274]"[NewCMUncial10-Bold.otf]/OT:sc
ript=latn;language=dflt;slant=0.25;"


Package fontspec Info: 
(fontspec)             NewCMMath-Book scale = 0.9999964596882403.


Package fontspec Info: 
(fontspec)             NewCMMath-Book scale = 0.9999964596882403.


Package fontspec Info: 
(fontspec)             Font family 'NewCMMath-Book.otf(0)' created for font
(fontspec)             'NewCMMath-Book.otf' with options
(fontspec)             [Scale=MatchLowercase,BoldItalicFont={},ItalicFont={},Sm
allCapsFont={},Script=Math].
(fontspec)              
(fontspec)              This font family consists of the following NFSS
(fontspec)             series/shapes:
(fontspec)              
(fontspec)             - 'normal' (m/n) with NFSS spec.:
(fontspec)             <->s*[0.9999964596882403]"[NewCMMath-Book.otf]/OT:script
=math;language=dflt;"

LaTeX Font Info:    Font shape `TU/NewCMMath-Book.otf(0)/m/n' will be
(Font)              scaled to size 10.0pt on input line 31.

Package fontspec Info: 
(fontspec)             NewCMMath-Book scale = 0.9999964596882403.


Package fontspec Info: 
(fontspec)             NewCMMath-Book scale = 0.9999964596882403.


Package fontspec Info: 
(fontspec)             NewCMMath-Book scale = 0.9999964596882403.


Package fontspec Info: 
(fontspec)             NewCMMath-Book scale = 0.9999964596882403.


Package fontspec Info: 
(fontspec)             Font family 'NewCMMath-Book.otf(1)' created for font
(fontspec)             'NewCMMath-Book.otf' with options
(fontspec)             [Scale=MatchLowercase,BoldItalicFont={},ItalicFont={},Sm
allCapsFont={},Script=Math,SizeFeatures={{Size=8.5-},{Size=6-8.5,Font=NewCMMath
-Book.otf,Style=MathScript},{Size=-6,Font=NewCMMath-Book.otf,Style=MathScriptSc
ript}}].
(fontspec)              
(fontspec)              This font family consists of the following NFSS
(fontspec)             series/shapes:
(fontspec)              
(fontspec)             - 'normal' (m/n) with NFSS spec.:
(fontspec)             <8.5->s*[0.9999964596882403]"[NewCMMath-Book.otf]/OT:scr
ipt=math;language=dflt;"<6-8.5>s*[0.9999964596882403]"[NewCMMath-Book.otf]/OT:s
cript=math;language=dflt;+ssty=0;"<-6>s*[0.9999964596882403]"[NewCMMath-Book.ot
f]/OT:script=math;language=dflt;+ssty=1;"

LaTeX Font Info:    Font shape `TU/NewCMMath-Book.otf(1)/m/n' will be
(Font)              scaled to size 10.0pt on input line 31.
LaTeX Font Info:    Encoding `OT1' has changed to `TU' for symbol font
(Font)              `operators' in the math version `normal' on input line 31.
LaTeX Font Info:    Overwriting symbol font `operators' in version `normal'
(Font)                  OT1/lmr/m/n --> TU/NewCMMath-Book.otf(1)/m/n on input l
ine 31.
LaTeX Font Info:    Encoding `OT1' has changed to `TU' for symbol font
(Font)              `operators' in the math version `bold' on input line 31.
LaTeX Font Info:    Overwriting symbol font `operators' in version `bold'
(Font)                  OT1/lmr/bx/n --> TU/NewCMMath-Book.otf(1)/b/n on input 
line 31.

Package fontspec Info: 
(fontspec)             NewCMMath-Book scale = 0.9999964596882403.


Package fontspec Info: 
(fontspec)             NewCMMath-Book scale = 1.000096459334209.


Package fontspec Info: 
(fontspec)             NewCMMath-Book scale = 0.9999964596882403.


Package fontspec Info: 
(fontspec)             NewCMMath-Book scale = 1.000096459334209.


Package fontspec Info: 
(fontspec)             NewCMMath-Book scale = 0.9999964596882403.


Package fontspec Info: 
(fontspec)             NewCMMath-Book scale = 1.000096459334209.


Package fontspec Info: 
(fontspec)             NewCMMath-Book scale = 0.9999964596882403.


Package fontspec Info: 
(fontspec)             NewCMMath-Book scale = 1.000096459334209.


Package fontspec Info: 
(fontspec)             Font family 'NewCMMath-Book.otf(2)' created for font
(fontspec)             'NewCMMath-Book.otf' with options
(fontspec)             [Scale=MatchLowercase,BoldItalicFont={},ItalicFont={},Sm
allCapsFont={},Script=Math,SizeFeatures={{Size=8.5-},{Size=6-8.5,Font=NewCMMath
-Book.otf,Style=MathScript},{Size=-6,Font=NewCMMath-Book.otf,Style=MathScriptSc
ript}},ScaleAgain=1.0001,FontAdjustment={\fontdimen
(fontspec)             8\font =6.77pt\relax \fontdimen 9\font =3.94pt\relax
(fontspec)             \fontdimen 10\font =4.44pt\relax \fontdimen 11\font
(fontspec)             =6.86pt\relax \fontdimen 12\font =3.45pt\relax
(fontspec)             \fontdimen 13\font =3.63pt\relax \fontdimen 14\font
(fontspec)             =3.63pt\relax \fontdimen 15\font =2.89pt\relax
(fontspec)             \fontdimen 16\font =2.47pt\relax \fontdimen 17\font
(fontspec)             =2.47pt\relax \fontdimen 18\font =2.5pt\relax
(fontspec)             \fontdimen 19\font =2.0pt\relax \fontdimen 22\font
(fontspec)             =2.5pt\relax \fontdimen 20\font =0pt\relax \fontdimen
(fontspec)             21\font =0pt\relax }].
(fontspec)              
(fontspec)              This font family consists of the following NFSS
(fontspec)             series/shapes:
(fontspec)              
(fontspec)             - 'normal' (m/n) with NFSS spec.:
(fontspec)             <8.5->s*[1.000096459334209]"[NewCMMath-Book.otf]/OT:scri
pt=math;language=dflt;"<6-8.5>s*[1.000096459334209]"[NewCMMath-Book.otf]/OT:scr
ipt=math;language=dflt;+ssty=0;"<-6>s*[1.000096459334209]"[NewCMMath-Book.otf]/
OT:script=math;language=dflt;+ssty=1;"

LaTeX Font Info:    Encoding `OMS' has changed to `TU' for symbol font
(Font)              `symbols' in the math version `normal' on input line 31.
LaTeX Font Info:    Overwriting symbol font `symbols' in version `normal'
(Font)                  OMS/lmsy/m/n --> TU/NewCMMath-Book.otf(2)/m/n on input 
line 31.
LaTeX Font Info:    Encoding `OMS' has changed to `TU' for symbol font
(Font)              `symbols' in the math version `bold' on input line 31.
LaTeX Font Info:    Overwriting symbol font `symbols' in version `bold'
(Font)                  OMS/lmsy/b/n --> TU/NewCMMath-Book.otf(2)/b/n on input 
line 31.

Package fontspec Info: 
(fontspec)             NewCMMath-Book scale = 0.9999964596882403.


Package fontspec Info: 
(fontspec)             NewCMMath-Book scale = 0.9998964600422715.


Package fontspec Info: 
(fontspec)             NewCMMath-Book scale = 0.9999964596882403.


Package fontspec Info: 
(fontspec)             NewCMMath-Book scale = 0.9998964600422715.


Package fontspec Info: 
(fontspec)             NewCMMath-Book scale = 0.9999964596882403.


Package fontspec Info: 
(fontspec)             NewCMMath-Book scale = 0.9998964600422715.


Package fontspec Info: 
(fontspec)             NewCMMath-Book scale = 0.9999964596882403.


Package fontspec Info: 
(fontspec)             NewCMMath-Book scale = 0.9998964600422715.


Package fontspec Info: 
(fontspec)             Font family 'NewCMMath-Book.otf(3)' created for font
(fontspec)             'NewCMMath-Book.otf' with options
(fontspec)             [Scale=MatchLowercase,BoldItalicFont={},ItalicFont={},Sm
allCapsFont={},Script=Math,SizeFeatures={{Size=8.5-},{Size=6-8.5,Font=NewCMMath
-Book.otf,Style=MathScript},{Size=-6,Font=NewCMMath-Book.otf,Style=MathScriptSc
ript}},ScaleAgain=0.9999,FontAdjustment={\fontdimen
(fontspec)             8\font =0.48pt\relax \fontdimen 9\font =2.0pt\relax
(fontspec)             \fontdimen 10\font =1.67pt\relax \fontdimen 11\font
(fontspec)             =1.11pt\relax \fontdimen 12\font =6.0pt\relax
(fontspec)             \fontdimen 13\font =0pt\relax }].
(fontspec)              
(fontspec)              This font family consists of the following NFSS
(fontspec)             series/shapes:
(fontspec)              
(fontspec)             - 'normal' (m/n) with NFSS spec.:
(fontspec)             <8.5->s*[0.9998964600422715]"[NewCMMath-Book.otf]/OT:scr
ipt=math;language=dflt;"<6-8.5>s*[0.9998964600422715]"[NewCMMath-Book.otf]/OT:s
cript=math;language=dflt;+ssty=0;"<-6>s*[0.9998964600422715]"[NewCMMath-Book.ot
f]/OT:script=math;language=dflt;+ssty=1;"

LaTeX Font Info:    Encoding `OMX' has changed to `TU' for symbol font
(Font)              `largesymbols' in the math version `normal' on input line 3
1.
LaTeX Font Info:    Overwriting symbol font `largesymbols' in version `normal'
(Font)                  OMX/lmex/m/n --> TU/NewCMMath-Book.otf(3)/m/n on input 
line 31.
LaTeX Font Info:    Encoding `OMX' has changed to `TU' for symbol font
(Font)              `largesymbols' in the math version `bold' on input line 31.

LaTeX Font Info:    Overwriting symbol font `largesymbols' in version `bold'
(Font)                  OMX/lmex/m/n --> TU/NewCMMath-Book.otf(3)/b/n on input 
line 31.
LaTeX Font Info:    Redeclaring math version `bold' on input line 31.

Package fontspec Info: 
(fontspec)             NewCMMath-Bold scale = 0.9999964596882403.


Package fontspec Info: 
(fontspec)             NewCMMath-Bold scale = 0.9999964596882403.


Package fontspec Info: 
(fontspec)             Font family 'NewCMMath-Bold.otf(0)' created for font
(fontspec)             'NewCMMath-Bold.otf' with options
(fontspec)             [Scale=MatchLowercase,BoldItalicFont={},ItalicFont={},Sm
allCapsFont={},Script=Math].
(fontspec)              
(fontspec)              This font family consists of the following NFSS
(fontspec)             series/shapes:
(fontspec)              
(fontspec)             - 'normal' (m/n) with NFSS spec.:
(fontspec)             <->s*[0.9999964596882403]"[NewCMMath-Bold.otf]/OT:script
=math;language=dflt;"

LaTeX Font Info:    Font shape `TU/NewCMMath-Bold.otf(0)/m/n' will be
(Font)              scaled to size 10.0pt on input line 31.

Package fontspec Info: 
(fontspec)             NewCMMath-Bold scale = 0.9999964596882403.


Package fontspec Info: 
(fontspec)             NewCMMath-Bold scale = 0.9999964596882403.


Package fontspec Info: 
(fontspec)             NewCMMath-Bold scale = 0.9999964596882403.


Package fontspec Info: 
(fontspec)             NewCMMath-Bold scale = 0.9999964596882403.


Package fontspec Info: 
(fontspec)             Font family 'NewCMMath-Bold.otf(1)' created for font
(fontspec)             'NewCMMath-Bold.otf' with options
(fontspec)             [Scale=MatchLowercase,BoldItalicFont={},ItalicFont={},Sm
allCapsFont={},Script=Math,SizeFeatures={{Size=8.5-},{Size=6-8.5,Font=NewCMMath
-Bold.otf,Style=MathScript},{Size=-6,Font=NewCMMath-Bold.otf,Style=MathScriptSc
ript}}].
(fontspec)              
(fontspec)              This font family consists of the following NFSS
(fontspec)             series/shapes:
(fontspec)              
(fontspec)             - 'normal' (m/n) with NFSS spec.:
(fontspec)             <8.5->s*[0.9999964596882403]"[NewCMMath-Bold.otf]/OT:scr
ipt=math;language=dflt;"<6-8.5>s*[0.9999964596882403]"[NewCMMath-Bold.otf]/OT:s
cript=math;language=dflt;+ssty=0;"<-6>s*[0.9999964596882403]"[NewCMMath-Bold.ot
f]/OT:script=math;language=dflt;+ssty=1;"

LaTeX Font Info:    Font shape `TU/NewCMMath-Bold.otf(1)/m/n' will be
(Font)              scaled to size 10.0pt on input line 31.
LaTeX Font Info:    Encoding `OT1' has changed to `TU' for symbol font
(Font)              `operators' in the math version `bold' on input line 31.
LaTeX Font Info:    Overwriting symbol font `operators' in version `bold'
(Font)                  OT1/cmr/m/n --> TU/NewCMMath-Bold.otf(1)/m/n on input l
ine 31.

Package fontspec Info: 
(fontspec)             NewCMMath-Bold scale = 0.9999964596882403.


Package fontspec Info: 
(fontspec)             NewCMMath-Bold scale = 1.000096459334209.


Package fontspec Info: 
(fontspec)             NewCMMath-Bold scale = 0.9999964596882403.


Package fontspec Info: 
(fontspec)             NewCMMath-Bold scale = 1.000096459334209.


Package fontspec Info: 
(fontspec)             NewCMMath-Bold scale = 0.9999964596882403.


Package fontspec Info: 
(fontspec)             NewCMMath-Bold scale = 1.000096459334209.


Package fontspec Info: 
(fontspec)             NewCMMath-Bold scale = 0.9999964596882403.


Package fontspec Info: 
(fontspec)             NewCMMath-Bold scale = 1.000096459334209.


Package fontspec Info: 
(fontspec)             Font family 'NewCMMath-Bold.otf(2)' created for font
(fontspec)             'NewCMMath-Bold.otf' with options
(fontspec)             [Scale=MatchLowercase,BoldItalicFont={},ItalicFont={},Sm
allCapsFont={},Script=Math,SizeFeatures={{Size=8.5-},{Size=6-8.5,Font=NewCMMath
-Bold.otf,Style=MathScript},{Size=-6,Font=NewCMMath-Bold.otf,Style=MathScriptSc
ript}},ScaleAgain=1.0001,FontAdjustment={\fontdimen
(fontspec)             8\font =6.77pt\relax \fontdimen 9\font =3.94pt\relax
(fontspec)             \fontdimen 10\font =4.44pt\relax \fontdimen 11\font
(fontspec)             =6.86pt\relax \fontdimen 12\font =3.45pt\relax
(fontspec)             \fontdimen 13\font =3.63pt\relax \fontdimen 14\font
(fontspec)             =3.63pt\relax \fontdimen 15\font =2.89pt\relax
(fontspec)             \fontdimen 16\font =2.47pt\relax \fontdimen 17\font
(fontspec)             =2.47pt\relax \fontdimen 18\font =2.5pt\relax
(fontspec)             \fontdimen 19\font =2.0pt\relax \fontdimen 22\font
(fontspec)             =2.5pt\relax \fontdimen 20\font =0pt\relax \fontdimen
(fontspec)             21\font =0pt\relax }].
(fontspec)              
(fontspec)              This font family consists of the following NFSS
(fontspec)             series/shapes:
(fontspec)              
(fontspec)             - 'normal' (m/n) with NFSS spec.:
(fontspec)             <8.5->s*[1.000096459334209]"[NewCMMath-Bold.otf]/OT:scri
pt=math;language=dflt;"<6-8.5>s*[1.000096459334209]"[NewCMMath-Bold.otf]/OT:scr
ipt=math;language=dflt;+ssty=0;"<-6>s*[1.000096459334209]"[NewCMMath-Bold.otf]/
OT:script=math;language=dflt;+ssty=1;"

LaTeX Font Info:    Encoding `OMS' has changed to `TU' for symbol font
(Font)              `symbols' in the math version `bold' on input line 31.
LaTeX Font Info:    Overwriting symbol font `symbols' in version `bold'
(Font)                  OMS/cmsy/m/n --> TU/NewCMMath-Bold.otf(2)/m/n on input 
line 31.

Package fontspec Info: 
(fontspec)             NewCMMath-Bold scale = 0.9999964596882403.


Package fontspec Info: 
(fontspec)             NewCMMath-Bold scale = 0.9998964600422715.


Package fontspec Info: 
(fontspec)             NewCMMath-Bold scale = 0.9999964596882403.


Package fontspec Info: 
(fontspec)             NewCMMath-Bold scale = 0.9998964600422715.


Package fontspec Info: 
(fontspec)             NewCMMath-Bold scale = 0.9999964596882403.


Package fontspec Info: 
(fontspec)             NewCMMath-Bold scale = 0.9998964600422715.


Package fontspec Info: 
(fontspec)             NewCMMath-Bold scale = 0.9999964596882403.


Package fontspec Info: 
(fontspec)             NewCMMath-Bold scale = 0.9998964600422715.


Package fontspec Info: 
(fontspec)             Font family 'NewCMMath-Bold.otf(3)' created for font
(fontspec)             'NewCMMath-Bold.otf' with options
(fontspec)             [Scale=MatchLowercase,BoldItalicFont={},ItalicFont={},Sm
allCapsFont={},Script=Math,SizeFeatures={{Size=8.5-},{Size=6-8.5,Font=NewCMMath
-Bold.otf,Style=MathScript},{Size=-6,Font=NewCMMath-Bold.otf,Style=MathScriptSc
ript}},ScaleAgain=0.9999,FontAdjustment={\fontdimen
(fontspec)             8\font =0.4pt\relax \fontdimen 9\font =2.0pt\relax
(fontspec)             \fontdimen 10\font =1.67pt\relax \fontdimen 11\font
(fontspec)             =1.11pt\relax \fontdimen 12\font =6.0pt\relax
(fontspec)             \fontdimen 13\font =0pt\relax }].
(fontspec)              
(fontspec)              This font family consists of the following NFSS
(fontspec)             series/shapes:
(fontspec)              
(fontspec)             - 'normal' (m/n) with NFSS spec.:
(fontspec)             <8.5->s*[0.9998964600422715]"[NewCMMath-Bold.otf]/OT:scr
ipt=math;language=dflt;"<6-8.5>s*[0.9998964600422715]"[NewCMMath-Bold.otf]/OT:s
cript=math;language=dflt;+ssty=0;"<-6>s*[0.9998964600422715]"[NewCMMath-Bold.ot
f]/OT:script=math;language=dflt;+ssty=1;"

LaTeX Font Info:    Encoding `OMX' has changed to `TU' for symbol font
(Font)              `largesymbols' in the math version `bold' on input line 31.

LaTeX Font Info:    Overwriting symbol font `largesymbols' in version `bold'
(Font)                  OMX/cmex/m/n --> TU/NewCMMath-Bold.otf(3)/m/n on input 
line 31.

Package fontspec Info: 
(fontspec)             NewCMMath-Book scale = 0.9999964596882403.


Package fontspec Info: 
(fontspec)             NewCMMath-Book scale = 0.9999964596882403.


Package fontspec Info: 
(fontspec)             NewCMMath-Book scale = 0.9999964596882403.


Package fontspec Info: 
(fontspec)             NewCMMath-Book scale = 0.9999964596882403.


Package fontspec Info: 
(fontspec)             Font family 'NewCMMath-Book.otf(4)' created for font
(fontspec)             'NewCMMath-Book.otf' with options
(fontspec)             [Scale=MatchLowercase,BoldItalicFont={},ItalicFont={},Sm
allCapsFont={},Script=Math,SizeFeatures={{Size=8.5-},{Size=6-8.5,Font=NewCMMath
-Book.otf,Style=MathScript},{Size=-6,Font=NewCMMath-Book.otf,Style=MathScriptSc
ript}},StylisticSet={6}].
(fontspec)              
(fontspec)              This font family consists of the following NFSS
(fontspec)             series/shapes:
(fontspec)              
(fontspec)             - 'normal' (m/n) with NFSS spec.:
(fontspec)             <8.5->s*[0.9999964596882403]"[NewCMMath-Book.otf]/OT:scr
ipt=math;language=dflt;+ss06;"<6-8.5>s*[0.9999964596882403]"[NewCMMath-Book.otf
]/OT:script=math;language=dflt;+ss06;+ssty=0;"<-6>s*[0.9999964596882403]"[NewCM
Math-Book.otf]/OT:script=math;language=dflt;+ss06;+ssty=1;"

LaTeX Font Info:    Font shape `TU/NewCMMath-Book.otf(4)/m/n' will be
(Font)              scaled to size 10.0pt on input line 37.
\sym__um_fam1=\mathgroup6
LaTeX Font Info:    Overwriting symbol font `__um_fam1' in version `normal'
(Font)                  TU/NewCMMath-Book.otf(4)/m/n --> TU/NewCMMath-Book.otf(
4)/m/n on input line 37.
LaTeX Font Info:    Overwriting symbol font `__um_fam1' in version `bold'
(Font)                  TU/NewCMMath-Book.otf(4)/m/n --> TU/NewCMMath-Book.otf(
4)/b/n on input line 37.

Package fontspec Info: 
(fontspec)             NewCMMath-Book scale = 0.9999964596882403.


Package fontspec Info: 
(fontspec)             NewCMMath-Book scale = 0.9999964596882403.


Package fontspec Info: 
(fontspec)             NewCMMath-Book scale = 0.9999964596882403.


Package fontspec Info: 
(fontspec)             NewCMMath-Book scale = 0.9999964596882403.


Package fontspec Info: 
(fontspec)             Font family 'NewCMMath-Book.otf(5)' created for font
(fontspec)             'NewCMMath-Book.otf' with options
(fontspec)             [Scale=MatchLowercase,BoldItalicFont={},ItalicFont={},Sm
allCapsFont={},Script=Math,SizeFeatures={{Size=8.5-},{Size=6-8.5,Font=NewCMMath
-Book.otf,Style=MathScript},{Size=-6,Font=NewCMMath-Book.otf,Style=MathScriptSc
ript}},StylisticSet={1}].
(fontspec)              
(fontspec)              This font family consists of the following NFSS
(fontspec)             series/shapes:
(fontspec)              
(fontspec)             - 'normal' (m/n) with NFSS spec.:
(fontspec)             <8.5->s*[0.9999964596882403]"[NewCMMath-Book.otf]/OT:scr
ipt=math;language=dflt;+ss01;"<6-8.5>s*[0.9999964596882403]"[NewCMMath-Book.otf
]/OT:script=math;language=dflt;+ss01;+ssty=0;"<-6>s*[0.9999964596882403]"[NewCM
Math-Book.otf]/OT:script=math;language=dflt;+ss01;+ssty=1;"

LaTeX Font Info:    Font shape `TU/NewCMMath-Book.otf(5)/m/n' will be
(Font)              scaled to size 10.0pt on input line 46.
\sym__um_fam2=\mathgroup7
LaTeX Font Info:    Overwriting symbol font `__um_fam2' in version `normal'
(Font)                  TU/NewCMMath-Book.otf(5)/m/n --> TU/NewCMMath-Book.otf(
5)/m/n on input line 46.
LaTeX Font Info:    Overwriting symbol font `__um_fam2' in version `bold'
(Font)                  TU/NewCMMath-Book.otf(5)/m/n --> TU/NewCMMath-Book.otf(
5)/b/n on input line 46.
LaTeX Info: Redefining \increasingconvex on input line 360.
LaTeX Info: Redefining \circledR on input line 704.
LaTeX Info: Redefining \circledS on input line 705.
LaTeX Info: Redefining \nleqq on input line 885.
LaTeX Info: Redefining \ngeqq on input line 886.
LaTeX Info: Redefining \nvDash on input line 896.
LaTeX Info: Redefining \nleqslant on input line 1111.
LaTeX Info: Redefining \ngeqslant on input line 1112.
LaTeX Info: Redefining \npreceq on input line 1161.
LaTeX Info: Redefining \nsucceq on input line 1162.
LaTeX Info: Redefining \nsubseteqq on input line 1177.
LaTeX Info: Redefining \nsupseteqq on input line 1178.
)

Package fontspec Info: 
(fontspec)             NewCMMath-Book scale = 0.9999964596882403.


Package fontspec Info: 
(fontspec)             NewCMMath-Book scale = 0.9999964596882403.


Package fontspec Info: 
(fontspec)             Font family 'NewCMMath-Book.otf(6)' created for font
(fontspec)             'NewCMMath-Book.otf' with options
(fontspec)             [Scale=MatchLowercase,BoldItalicFont={},ItalicFont={},Sm
allCapsFont={},Script=Math,CharacterVariant={2}].
(fontspec)              
(fontspec)              This font family consists of the following NFSS
(fontspec)             series/shapes:
(fontspec)              
(fontspec)             - 'normal' (m/n) with NFSS spec.:
(fontspec)             <->s*[0.9999964596882403]"[NewCMMath-Book.otf]/OT:script
=math;language=dflt;+cv02=0;"

LaTeX Font Info:    Font shape `TU/NewCMMath-Book.otf(6)/m/n' will be
(Font)              scaled to size 10.0pt on input line 213.

Package fontspec Info: 
(fontspec)             NewCMMath-Book scale = 0.9999964596882403.


Package fontspec Info: 
(fontspec)             NewCMMath-Book scale = 0.9999964596882403.


Package fontspec Info: 
(fontspec)             NewCMMath-Book scale = 0.9999964596882403.


Package fontspec Info: 
(fontspec)             NewCMMath-Book scale = 0.9999964596882403.


Package fontspec Info: 
(fontspec)             Font family 'NewCMMath-Book.otf(7)' created for font
(fontspec)             'NewCMMath-Book.otf' with options
(fontspec)             [Scale=MatchLowercase,BoldItalicFont={},ItalicFont={},Sm
allCapsFont={},Script=Math,SizeFeatures={{Size=8.5-},{Size=6-8.5,Font=NewCMMath
-Book.otf,Style=MathScript},{Size=-6,Font=NewCMMath-Book.otf,Style=MathScriptSc
ript}},CharacterVariant={2}].
(fontspec)              
(fontspec)              This font family consists of the following NFSS
(fontspec)             series/shapes:
(fontspec)              
(fontspec)             - 'normal' (m/n) with NFSS spec.:
(fontspec)             <8.5->s*[0.9999964596882403]"[NewCMMath-Book.otf]/OT:scr
ipt=math;language=dflt;+cv02=0;"<6-8.5>s*[0.9999964596882403]"[NewCMMath-Book.o
tf]/OT:script=math;language=dflt;+cv02=0;+ssty=0;"<-6>s*[0.9999964596882403]"[N
ewCMMath-Book.otf]/OT:script=math;language=dflt;+cv02=0;+ssty=1;"

LaTeX Font Info:    Font shape `TU/NewCMMath-Book.otf(7)/m/n' will be
(Font)              scaled to size 10.0pt on input line 213.
LaTeX Font Info:    Overwriting symbol font `operators' in version `normal'
(Font)                  TU/NewCMMath-Book.otf(1)/m/n --> TU/NewCMMath-Book.otf(
7)/m/n on input line 213.
LaTeX Font Info:    Overwriting symbol font `operators' in version `bold'
(Font)                  TU/NewCMMath-Bold.otf(1)/m/n --> TU/NewCMMath-Book.otf(
7)/b/n on input line 213.

Package fontspec Info: 
(fontspec)             NewCMMath-Book scale = 0.9999964596882403.


Package fontspec Info: 
(fontspec)             NewCMMath-Book scale = 1.000096459334209.


Package fontspec Info: 
(fontspec)             NewCMMath-Book scale = 0.9999964596882403.


Package fontspec Info: 
(fontspec)             NewCMMath-Book scale = 1.000096459334209.


Package fontspec Info: 
(fontspec)             NewCMMath-Book scale = 0.9999964596882403.


Package fontspec Info: 
(fontspec)             NewCMMath-Book scale = 1.000096459334209.


Package fontspec Info: 
(fontspec)             NewCMMath-Book scale = 0.9999964596882403.


Package fontspec Info: 
(fontspec)             NewCMMath-Book scale = 1.000096459334209.


Package fontspec Info: 
(fontspec)             Font family 'NewCMMath-Book.otf(8)' created for font
(fontspec)             'NewCMMath-Book.otf' with options
(fontspec)             [Scale=MatchLowercase,BoldItalicFont={},ItalicFont={},Sm
allCapsFont={},Script=Math,SizeFeatures={{Size=8.5-},{Size=6-8.5,Font=NewCMMath
-Book.otf,Style=MathScript},{Size=-6,Font=NewCMMath-Book.otf,Style=MathScriptSc
ript}},CharacterVariant={2},ScaleAgain=1.0001,FontAdjustment={\fontdimen
(fontspec)             8\font =6.77pt\relax \fontdimen 9\font =3.94pt\relax
(fontspec)             \fontdimen 10\font =4.44pt\relax \fontdimen 11\font
(fontspec)             =6.86pt\relax \fontdimen 12\font =3.45pt\relax
(fontspec)             \fontdimen 13\font =3.63pt\relax \fontdimen 14\font
(fontspec)             =3.63pt\relax \fontdimen 15\font =2.89pt\relax
(fontspec)             \fontdimen 16\font =2.47pt\relax \fontdimen 17\font
(fontspec)             =2.47pt\relax \fontdimen 18\font =2.5pt\relax
(fontspec)             \fontdimen 19\font =2.0pt\relax \fontdimen 22\font
(fontspec)             =2.5pt\relax \fontdimen 20\font =0pt\relax \fontdimen
(fontspec)             21\font =0pt\relax }].
(fontspec)              
(fontspec)              This font family consists of the following NFSS
(fontspec)             series/shapes:
(fontspec)              
(fontspec)             - 'normal' (m/n) with NFSS spec.:
(fontspec)             <8.5->s*[1.000096459334209]"[NewCMMath-Book.otf]/OT:scri
pt=math;language=dflt;+cv02=0;"<6-8.5>s*[1.000096459334209]"[NewCMMath-Book.otf
]/OT:script=math;language=dflt;+cv02=0;+ssty=0;"<-6>s*[1.000096459334209]"[NewC
MMath-Book.otf]/OT:script=math;language=dflt;+cv02=0;+ssty=1;"

LaTeX Font Info:    Overwriting symbol font `symbols' in version `normal'
(Font)                  TU/NewCMMath-Book.otf(2)/m/n --> TU/NewCMMath-Book.otf(
8)/m/n on input line 213.
LaTeX Font Info:    Overwriting symbol font `symbols' in version `bold'
(Font)                  TU/NewCMMath-Bold.otf(2)/m/n --> TU/NewCMMath-Book.otf(
8)/b/n on input line 213.

Package fontspec Info: 
(fontspec)             NewCMMath-Book scale = 0.9999964596882403.


Package fontspec Info: 
(fontspec)             NewCMMath-Book scale = 0.9998964600422715.


Package fontspec Info: 
(fontspec)             NewCMMath-Book scale = 0.9999964596882403.


Package fontspec Info: 
(fontspec)             NewCMMath-Book scale = 0.9998964600422715.


Package fontspec Info: 
(fontspec)             NewCMMath-Book scale = 0.9999964596882403.


Package fontspec Info: 
(fontspec)             NewCMMath-Book scale = 0.9998964600422715.


Package fontspec Info: 
(fontspec)             NewCMMath-Book scale = 0.9999964596882403.


Package fontspec Info: 
(fontspec)             NewCMMath-Book scale = 0.9998964600422715.


Package fontspec Info: 
(fontspec)             Font family 'NewCMMath-Book.otf(9)' created for font
(fontspec)             'NewCMMath-Book.otf' with options
(fontspec)             [Scale=MatchLowercase,BoldItalicFont={},ItalicFont={},Sm
allCapsFont={},Script=Math,SizeFeatures={{Size=8.5-},{Size=6-8.5,Font=NewCMMath
-Book.otf,Style=MathScript},{Size=-6,Font=NewCMMath-Book.otf,Style=MathScriptSc
ript}},CharacterVariant={2},ScaleAgain=0.9999,FontAdjustment={\fontdimen
(fontspec)             8\font =0.48pt\relax \fontdimen 9\font =2.0pt\relax
(fontspec)             \fontdimen 10\font =1.67pt\relax \fontdimen 11\font
(fontspec)             =1.11pt\relax \fontdimen 12\font =6.0pt\relax
(fontspec)             \fontdimen 13\font =0pt\relax }].
(fontspec)              
(fontspec)              This font family consists of the following NFSS
(fontspec)             series/shapes:
(fontspec)              
(fontspec)             - 'normal' (m/n) with NFSS spec.:
(fontspec)             <8.5->s*[0.9998964600422715]"[NewCMMath-Book.otf]/OT:scr
ipt=math;language=dflt;+cv02=0;"<6-8.5>s*[0.9998964600422715]"[NewCMMath-Book.o
tf]/OT:script=math;language=dflt;+cv02=0;+ssty=0;"<-6>s*[0.9998964600422715]"[N
ewCMMath-Book.otf]/OT:script=math;language=dflt;+cv02=0;+ssty=1;"

LaTeX Font Info:    Overwriting symbol font `largesymbols' in version `normal'
(Font)                  TU/NewCMMath-Book.otf(3)/m/n --> TU/NewCMMath-Book.otf(
9)/m/n on input line 213.
LaTeX Font Info:    Overwriting symbol font `largesymbols' in version `bold'
(Font)                  TU/NewCMMath-Bold.otf(3)/m/n --> TU/NewCMMath-Book.otf(
9)/b/n on input line 213.
LaTeX Font Info:    Redeclaring math version `bold' on input line 213.

Package fontspec Info: 
(fontspec)             NewCMMath-Bold scale = 0.9999964596882403.


Package fontspec Info: 
(fontspec)             NewCMMath-Bold scale = 0.9999964596882403.


Package fontspec Info: 
(fontspec)             Font family 'NewCMMath-Bold.otf(4)' created for font
(fontspec)             'NewCMMath-Bold.otf' with options
(fontspec)             [Scale=MatchLowercase,BoldItalicFont={},ItalicFont={},Sm
allCapsFont={},Script=Math,CharacterVariant={2}].
(fontspec)              
(fontspec)              This font family consists of the following NFSS
(fontspec)             series/shapes:
(fontspec)              
(fontspec)             - 'normal' (m/n) with NFSS spec.:
(fontspec)             <->s*[0.9999964596882403]"[NewCMMath-Bold.otf]/OT:script
=math;language=dflt;+cv02=0;"

LaTeX Font Info:    Font shape `TU/NewCMMath-Bold.otf(4)/m/n' will be
(Font)              scaled to size 10.0pt on input line 213.

Package fontspec Info: 
(fontspec)             NewCMMath-Bold scale = 0.9999964596882403.


Package fontspec Info: 
(fontspec)             NewCMMath-Bold scale = 0.9999964596882403.


Package fontspec Info: 
(fontspec)             NewCMMath-Bold scale = 0.9999964596882403.


Package fontspec Info: 
(fontspec)             NewCMMath-Bold scale = 0.9999964596882403.


Package fontspec Info: 
(fontspec)             Font family 'NewCMMath-Bold.otf(5)' created for font
(fontspec)             'NewCMMath-Bold.otf' with options
(fontspec)             [Scale=MatchLowercase,BoldItalicFont={},ItalicFont={},Sm
allCapsFont={},Script=Math,SizeFeatures={{Size=8.5-},{Size=6-8.5,Font=NewCMMath
-Bold.otf,Style=MathScript},{Size=-6,Font=NewCMMath-Bold.otf,Style=MathScriptSc
ript}},CharacterVariant={2}].
(fontspec)              
(fontspec)              This font family consists of the following NFSS
(fontspec)             series/shapes:
(fontspec)              
(fontspec)             - 'normal' (m/n) with NFSS spec.:
(fontspec)             <8.5->s*[0.9999964596882403]"[NewCMMath-Bold.otf]/OT:scr
ipt=math;language=dflt;+cv02=0;"<6-8.5>s*[0.9999964596882403]"[NewCMMath-Bold.o
tf]/OT:script=math;language=dflt;+cv02=0;+ssty=0;"<-6>s*[0.9999964596882403]"[N
ewCMMath-Bold.otf]/OT:script=math;language=dflt;+cv02=0;+ssty=1;"

LaTeX Font Info:    Font shape `TU/NewCMMath-Bold.otf(5)/m/n' will be
(Font)              scaled to size 10.0pt on input line 213.
LaTeX Font Info:    Encoding `OT1' has changed to `TU' for symbol font
(Font)              `operators' in the math version `bold' on input line 213.
LaTeX Font Info:    Overwriting symbol font `operators' in version `bold'
(Font)                  OT1/cmr/m/n --> TU/NewCMMath-Bold.otf(5)/m/n on input l
ine 213.

Package fontspec Info: 
(fontspec)             NewCMMath-Bold scale = 0.9999964596882403.


Package fontspec Info: 
(fontspec)             NewCMMath-Bold scale = 1.000096459334209.


Package fontspec Info: 
(fontspec)             NewCMMath-Bold scale = 0.9999964596882403.


Package fontspec Info: 
(fontspec)             NewCMMath-Bold scale = 1.000096459334209.


Package fontspec Info: 
(fontspec)             NewCMMath-Bold scale = 0.9999964596882403.


Package fontspec Info: 
(fontspec)             NewCMMath-Bold scale = 1.000096459334209.


Package fontspec Info: 
(fontspec)             NewCMMath-Bold scale = 0.9999964596882403.


Package fontspec Info: 
(fontspec)             NewCMMath-Bold scale = 1.000096459334209.


Package fontspec Info: 
(fontspec)             Font family 'NewCMMath-Bold.otf(6)' created for font
(fontspec)             'NewCMMath-Bold.otf' with options
(fontspec)             [Scale=MatchLowercase,BoldItalicFont={},ItalicFont={},Sm
allCapsFont={},Script=Math,SizeFeatures={{Size=8.5-},{Size=6-8.5,Font=NewCMMath
-Bold.otf,Style=MathScript},{Size=-6,Font=NewCMMath-Bold.otf,Style=MathScriptSc
ript}},CharacterVariant={2},ScaleAgain=1.0001,FontAdjustment={\fontdimen
(fontspec)             8\font =6.77pt\relax \fontdimen 9\font =3.94pt\relax
(fontspec)             \fontdimen 10\font =4.44pt\relax \fontdimen 11\font
(fontspec)             =6.86pt\relax \fontdimen 12\font =3.45pt\relax
(fontspec)             \fontdimen 13\font =3.63pt\relax \fontdimen 14\font
(fontspec)             =3.63pt\relax \fontdimen 15\font =2.89pt\relax
(fontspec)             \fontdimen 16\font =2.47pt\relax \fontdimen 17\font
(fontspec)             =2.47pt\relax \fontdimen 18\font =2.5pt\relax
(fontspec)             \fontdimen 19\font =2.0pt\relax \fontdimen 22\font
(fontspec)             =2.5pt\relax \fontdimen 20\font =0pt\relax \fontdimen
(fontspec)             21\font =0pt\relax }].
(fontspec)              
(fontspec)              This font family consists of the following NFSS
(fontspec)             series/shapes:
(fontspec)              
(fontspec)             - 'normal' (m/n) with NFSS spec.:
(fontspec)             <8.5->s*[1.000096459334209]"[NewCMMath-Bold.otf]/OT:scri
pt=math;language=dflt;+cv02=0;"<6-8.5>s*[1.000096459334209]"[NewCMMath-Bold.otf
]/OT:script=math;language=dflt;+cv02=0;+ssty=0;"<-6>s*[1.000096459334209]"[NewC
MMath-Bold.otf]/OT:script=math;language=dflt;+cv02=0;+ssty=1;"

LaTeX Font Info:    Encoding `OMS' has changed to `TU' for symbol font
(Font)              `symbols' in the math version `bold' on input line 213.
LaTeX Font Info:    Overwriting symbol font `symbols' in version `bold'
(Font)                  OMS/cmsy/m/n --> TU/NewCMMath-Bold.otf(6)/m/n on input 
line 213.

Package fontspec Info: 
(fontspec)             NewCMMath-Bold scale = 0.9999964596882403.


Package fontspec Info: 
(fontspec)             NewCMMath-Bold scale = 0.9998964600422715.


Package fontspec Info: 
(fontspec)             NewCMMath-Bold scale = 0.9999964596882403.


Package fontspec Info: 
(fontspec)             NewCMMath-Bold scale = 0.9998964600422715.


Package fontspec Info: 
(fontspec)             NewCMMath-Bold scale = 0.9999964596882403.


Package fontspec Info: 
(fontspec)             NewCMMath-Bold scale = 0.9998964600422715.


Package fontspec Info: 
(fontspec)             NewCMMath-Bold scale = 0.9999964596882403.


Package fontspec Info: 
(fontspec)             NewCMMath-Bold scale = 0.9998964600422715.


Package fontspec Info: 
(fontspec)             Font family 'NewCMMath-Bold.otf(7)' created for font
(fontspec)             'NewCMMath-Bold.otf' with options
(fontspec)             [Scale=MatchLowercase,BoldItalicFont={},ItalicFont={},Sm
allCapsFont={},Script=Math,SizeFeatures={{Size=8.5-},{Size=6-8.5,Font=NewCMMath
-Bold.otf,Style=MathScript},{Size=-6,Font=NewCMMath-Bold.otf,Style=MathScriptSc
ript}},CharacterVariant={2},ScaleAgain=0.9999,FontAdjustment={\fontdimen
(fontspec)             8\font =0.4pt\relax \fontdimen 9\font =2.0pt\relax
(fontspec)             \fontdimen 10\font =1.67pt\relax \fontdimen 11\font
(fontspec)             =1.11pt\relax \fontdimen 12\font =6.0pt\relax
(fontspec)             \fontdimen 13\font =0pt\relax }].
(fontspec)              
(fontspec)              This font family consists of the following NFSS
(fontspec)             series/shapes:
(fontspec)              
(fontspec)             - 'normal' (m/n) with NFSS spec.:
(fontspec)             <8.5->s*[0.9998964600422715]"[NewCMMath-Bold.otf]/OT:scr
ipt=math;language=dflt;+cv02=0;"<6-8.5>s*[0.9998964600422715]"[NewCMMath-Bold.o
tf]/OT:script=math;language=dflt;+cv02=0;+ssty=0;"<-6>s*[0.9998964600422715]"[N
ewCMMath-Bold.otf]/OT:script=math;language=dflt;+cv02=0;+ssty=1;"

LaTeX Font Info:    Encoding `OMX' has changed to `TU' for symbol font
(Font)              `largesymbols' in the math version `bold' on input line 213
.
LaTeX Font Info:    Overwriting symbol font `largesymbols' in version `bold'
(Font)                  OMX/cmex/m/n --> TU/NewCMMath-Bold.otf(7)/m/n on input 
line 213.

Package fontspec Info: 
(fontspec)             NewCMMath-Book scale = 0.9999964596882403.


Package fontspec Info: 
(fontspec)             NewCMMath-Book scale = 0.9999964596882403.


Package fontspec Info: 
(fontspec)             NewCMMath-Book scale = 0.9999964596882403.


Package fontspec Info: 
(fontspec)             NewCMMath-Book scale = 0.9999964596882403.


Package fontspec Info: 
(fontspec)             Font family 'NewCMMath-Book.otf(10)' created for font
(fontspec)             'NewCMMath-Book.otf' with options
(fontspec)             [Scale=MatchLowercase,BoldItalicFont={},ItalicFont={},Sm
allCapsFont={},Script=Math,SizeFeatures={{Size=8.5-},{Size=6-8.5,Font=NewCMMath
-Book.otf,Style=MathScript},{Size=-6,Font=NewCMMath-Book.otf,Style=MathScriptSc
ript}},StylisticSet={1},CharacterVariant={2}].
(fontspec)              
(fontspec)              This font family consists of the following NFSS
(fontspec)             series/shapes:
(fontspec)              
(fontspec)             - 'normal' (m/n) with NFSS spec.:
(fontspec)             <8.5->s*[0.9999964596882403]"[NewCMMath-Book.otf]/OT:scr
ipt=math;language=dflt;+ss01;+cv02=0;"<6-8.5>s*[0.9999964596882403]"[NewCMMath-
Book.otf]/OT:script=math;language=dflt;+ss01;+cv02=0;+ssty=0;"<-6>s*[0.99999645
96882403]"[NewCMMath-Book.otf]/OT:script=math;language=dflt;+ss01;+cv02=0;+ssty
=1;"

LaTeX Font Info:    Font shape `TU/NewCMMath-Book.otf(10)/m/n' will be
(Font)              scaled to size 10.0pt on input line 213.
\sym__um_fam3=\mathgroup8
LaTeX Font Info:    Overwriting symbol font `__um_fam3' in version `normal'
(Font)                  TU/NewCMMath-Book.otf(10)/m/n --> TU/NewCMMath-Book.otf
(10)/m/n on input line 213.
LaTeX Font Info:    Overwriting symbol font `__um_fam3' in version `bold'
(Font)                  TU/NewCMMath-Book.otf(10)/m/n --> TU/NewCMMath-Book.otf
(10)/b/n on input line 213.
)
(C:\Users\Manuel Oviedo\AppData\Local\Programs\MiKTeX\tex/latex/geometry\geomet
ry.sty
Package: geometry 2020/01/02 v5.9 Page Geometry

(C:\Users\Manuel Oviedo\AppData\Local\Programs\MiKTeX\tex/generic/iftex\ifvtex.
sty
Package: ifvtex 2019/10/25 v1.7 ifvtex legacy package. Use iftex instead.
)
\Gm@cnth=\count329
\Gm@cntv=\count330
\c@Gm@tempcnt=\count331
\Gm@bindingoffset=\dimen187
\Gm@wd@mp=\dimen188
\Gm@odd@mp=\dimen189
\Gm@even@mp=\dimen190
\Gm@layoutwidth=\dimen191
\Gm@layoutheight=\dimen192
\Gm@layouthoffset=\dimen193
\Gm@layoutvoffset=\dimen194
\Gm@dimlist=\toks28

(C:\Users\Manuel Oviedo\AppData\Local\Programs\MiKTeX\tex/latex/geometry\geomet
ry.cfg))
(C:\Users\Manuel Oviedo\AppData\Local\Programs\MiKTeX\tex/latex/emptypage\empty
page.sty
Package: emptypage 2010/05/30 v1.2 Suppress page numbers and headings on empty 
pages
)
(C:\Users\Manuel Oviedo\AppData\Local\Programs\MiKTeX\tex/latex/caption\caption
.sty
Package: caption 2023/08/05 v3.6o Customizing captions (AR)

(C:\Users\Manuel Oviedo\AppData\Local\Programs\MiKTeX\tex/latex/caption\caption
3.sty
Package: caption3 2023/07/31 v2.4d caption3 kernel (AR)
\caption@tempdima=\dimen195
\captionmargin=\dimen196
\caption@leftmargin=\dimen197
\caption@rightmargin=\dimen198
\caption@width=\dimen199
\caption@indent=\dimen256
\caption@parindent=\dimen257
\caption@hangindent=\dimen258
Package caption Info: Standard document class detected.
)
\c@caption@flags=\count332
\c@continuedfloat=\count333
Package caption Info: longtable package is loaded.

(C:\Users\Manuel Oviedo\AppData\Local\Programs\MiKTeX\tex/latex/caption\ltcapti
on.sty
Package: ltcaption 2021/01/08 v1.4c longtable captions (AR)
))
(C:\Users\Manuel Oviedo\AppData\Local\Programs\MiKTeX\tex/latex/ntheorem\ntheor
em.sty
Style `ntheorem', Version 1.33 <2011/08/15>
Package: ntheorem 2011/08/15 1.33

(C:\Users\Manuel Oviedo\AppData\Local\Programs\MiKTeX\tex/latex/base\ifthen.sty
Package: ifthen 2024/03/16 v1.1e Standard LaTeX ifthen package (DPC)
)
\theorem@style=\toks29
\theorem@@style=\toks30
\theorembodyfont=\toks31
\theoremnumbering=\toks32
\theorempreskipamount=\skip67
\theorempostskipamount=\skip68
\theoremframepreskipamount=\skip69
\theoremframepostskipamount=\skip70
\theoreminframepreskipamount=\skip71
\theoreminframepostskipamount=\skip72
\theorem@preskip=\toks33
\theorem@postskip=\toks34
\theorem@framepreskip=\toks35
\theorem@framepostskip=\toks36
\theorem@inframepreskip=\toks37
\theorem@inframepostskip=\toks38
\theoremindent=\dimen259
\theorem@indent=\dimen260
\theoremrightindent=\dimen261
\theorem@rightindent=\dimen262
\theoremheaderfont=\toks39
\theoremseparator=\toks40
\theoremprework=\toks41
\theorempostwork=\toks42
\theoremsymbol=\toks43
\qedsymbol=\toks44
\theoremkeyword=\toks45
\qedsymbol=\toks46
\thm@topsep=\skip73
\thm@topsepadd=\skip74
)
\c@theorem=\count334
\c@conjecture=\count335
\c@lemma=\count336
\c@corollary=\count337
\c@proposition=\count338
\c@definition=\count339
\c@hypothesis=\count340
\c@exercise=\count341
\c@example=\count342
\c@remark=\count343
\c@solution=\count344
\c@proof=\count345

(C:\Users\Manuel Oviedo\AppData\Local\Programs\MiKTeX\tex/latex/polyglossia\pol
yglossia.sty
Package: polyglossia 2026/04/18 v2.10 Modern multilingual typesetting with XeLa
TeX and LuaLaTeX
\l_xpg_alias_keyvals_int=\count346

(C:\Users\Manuel Oviedo\AppData\Local\Programs\MiKTeX\tex/latex/polyglossia\glo
ss-latex.ldf
File: gloss-latex.ldf polyglossia: module for default language
))
(C:\Users\Manuel Oviedo\AppData\Local\Programs\MiKTeX\tex/latex/polyglossia\glo
ss-spanish.ldf
File: gloss-spanish.ldf polyglossia: module for Spanish
)

Package polyglossia Info: Default language is spanish


(C:\Users\Manuel Oviedo\AppData\Local\Programs\MiKTeX\tex/latex/csquotes\csquot
es.sty
Package: csquotes 2026-05-19 v5.2p context-sensitive quotations (JAW)
\csq@reset=\count347
\csq@gtype=\count348
\csq@glevel=\count349
\csq@qlevel=\count350
\csq@maxlvl=\count351
\csq@tshold=\count352
\csq@ltx@everypar=\toks47

(C:\Users\Manuel Oviedo\AppData\Local\Programs\MiKTeX\tex/latex/csquotes\csquot
es.def
File: csquotes.def 2026-05-19 v5.2p csquotes generic definitions (JAW)
)
Package csquotes Info: Trying to load configuration file 'csquotes.cfg'...
Package csquotes Info: ... configuration file loaded successfully.

(C:\Users\Manuel Oviedo\AppData\Local\Programs\MiKTeX\tex/latex/csquotes\csquot
es.cfg
File: csquotes.cfg 
))
(C:\Users\Manuel Oviedo\AppData\Local\Programs\MiKTeX\tex/latex/tocbibind\tocbi
bind.sty
Package: tocbibind 2026/06/01 v1.5l extra ToC listings
Package tocbibind Info: The document has chapter divisions on input line 50.

Package tocbibind Note: Using chapter style headings, unless overridden.

)
(C:\Users\Manuel Oviedo\AppData\Local\Programs\MiKTeX\tex/latex/fancyhdr\fancyh
dr.sty
Package: fancyhdr 2025/02/07 v5.2 Extensive control of page headers and footers

\f@nch@headwidth=\skip75
\f@nch@offset@elh=\skip76
\f@nch@offset@erh=\skip77
\f@nch@offset@olh=\skip78
\f@nch@offset@orh=\skip79
\f@nch@offset@elf=\skip80
\f@nch@offset@erf=\skip81
\f@nch@offset@olf=\skip82
\f@nch@offset@orf=\skip83
\f@nch@height=\skip84
\f@nch@footalignment=\skip85
\f@nch@widthL=\skip86
\f@nch@widthC=\skip87
\f@nch@widthR=\skip88
\@temptokenb=\toks48
)
(C:\Users\Manuel Oviedo\AppData\Local\Programs\MiKTeX\tex/latex/setspace\setspa
ce.sty
Package: setspace 2022/12/04 v6.7b set line spacing
)
(C:\Users\Manuel Oviedo\AppData\Local\Programs\MiKTeX\tex/latex/hyperref\hyperr
ef.sty
Package: hyperref 2026-01-29 v7.01p Hypertext links for LaTeX

(C:\Users\Manuel Oviedo\AppData\Local\Programs\MiKTeX\tex/generic/kvdefinekeys\
kvdefinekeys.sty
Package: kvdefinekeys 2019-12-19 v1.6 Define keys (HO)
)
(C:\Users\Manuel Oviedo\AppData\Local\Programs\MiKTeX\tex/generic/pdfescape\pdf
escape.sty
Package: pdfescape 2019/12/09 v1.15 Implements pdfTeX's escape features (HO)
)
(C:\Users\Manuel Oviedo\AppData\Local\Programs\MiKTeX\tex/latex/hycolor\hycolor
.sty
Package: hycolor 2020-01-27 v1.10 Color options for hyperref/bookmark (HO)
)
(C:\Users\Manuel Oviedo\AppData\Local\Programs\MiKTeX\tex/latex/hyperref\namere
f.sty
Package: nameref 2026-01-29 v2.58 Cross-referencing by name of section

(C:\Users\Manuel Oviedo\AppData\Local\Programs\MiKTeX\tex/latex/refcount\refcou
nt.sty
Package: refcount 2019/12/15 v3.6 Data extraction from label references (HO)
)
(C:\Users\Manuel Oviedo\AppData\Local\Programs\MiKTeX\tex/generic/gettitlestrin
g\gettitlestring.sty
Package: gettitlestring 2019/12/15 v1.6 Cleanup title references (HO)
)
\c@section@level=\count353
)
(C:\Users\Manuel Oviedo\AppData\Local\Programs\MiKTeX\tex/generic/stringenc\str
ingenc.sty
Package: stringenc 2019/11/29 v1.12 Convert strings between diff. encodings (HO
)
)
\@linkdim=\dimen263
\Hy@linkcounter=\count354
\Hy@pagecounter=\count355

(C:\Users\Manuel Oviedo\AppData\Local\Programs\MiKTeX\tex/latex/hyperref\pd1enc
.def
File: pd1enc.def 2026-01-29 v7.01p Hyperref: PDFDocEncoding definition (HO)
)
(C:\Users\Manuel Oviedo\AppData\Local\Programs\MiKTeX\tex/generic/intcalc\intca
lc.sty
Package: intcalc 2019/12/15 v1.3 Expandable calculations with integers (HO)
)
\Hy@SavedSpaceFactor=\count356

(C:\Users\Manuel Oviedo\AppData\Local\Programs\MiKTeX\tex/latex/hyperref\puenc.
def
File: puenc.def 2026-01-29 v7.01p Hyperref: PDF Unicode definition (HO)
)
Package hyperref Info: Option `unicode' set `true' on input line 4072.
Package hyperref Info: Hyper figures OFF on input line 4201.
Package hyperref Info: Link nesting OFF on input line 4206.
Package hyperref Info: Hyper index ON on input line 4209.
Package hyperref Info: Plain pages OFF on input line 4216.
Package hyperref Info: Backreferencing OFF on input line 4221.
Package hyperref Info: Implicit mode ON; LaTeX internals redefined.
Package hyperref Info: Bookmarks ON on input line 4468.
\c@Hy@tempcnt=\count357
(C:\Users\Manuel Oviedo\AppData\Local\Programs\MiKTeX\tex/latex/url\url.sty
\Urlmuskip=\muskip19
Package: url 2013/09/16  ver 3.4  Verb mode for urls, etc.
)
LaTeX Info: Redefining \url on input line 4807.
\XeTeXLinkMargin=\dimen264

(C:\Users\Manuel Oviedo\AppData\Local\Programs\MiKTeX\tex/generic/bitset\bitset
.sty
Package: bitset 2019/12/09 v1.3 Handle bit-vector datatype (HO)

(C:\Users\Manuel Oviedo\AppData\Local\Programs\MiKTeX\tex/generic/bigintcalc\bi
gintcalc.sty
Package: bigintcalc 2019/12/15 v1.5 Expandable calculations on big integers (HO
)
))
\Fld@menulength=\count358
\Field@Width=\dimen265
\Fld@charsize=\dimen266
Package hyperref Info: Hyper figures OFF on input line 6084.
Package hyperref Info: Link nesting OFF on input line 6089.
Package hyperref Info: Hyper index ON on input line 6092.
Package hyperref Info: backreferencing OFF on input line 6099.
Package hyperref Info: Link coloring OFF on input line 6104.
Package hyperref Info: Link coloring with OCG OFF on input line 6109.
Package hyperref Info: PDF/A mode OFF on input line 6114.
\Hy@abspage=\count359
\c@Item=\count360
\c@Hfootnote=\count361
)
Package hyperref Info: Driver (autodetected): hxetex.

(C:\Users\Manuel Oviedo\AppData\Local\Programs\MiKTeX\tex/latex/hyperref\hxetex
.def
File: hxetex.def 2026-01-29 v7.01p Hyperref driver for XeTeX
\pdfm@box=\box66
\c@Hy@AnnotLevel=\count362
\HyField@AnnotCount=\count363
\Fld@listcount=\count364
\c@bookmark@seq@number=\count365

(C:\Users\Manuel Oviedo\AppData\Local\Programs\MiKTeX\tex/latex/rerunfilecheck\
rerunfilecheck.sty
Package: rerunfilecheck 2025-06-21 v1.11 Rerun checks for auxiliary files (HO)

(C:\Users\Manuel Oviedo\AppData\Local\Programs\MiKTeX\tex/generic/uniquecounter
\uniquecounter.sty
Package: uniquecounter 2019/12/15 v1.4 Provide unlimited unique counter (HO)
)
Package uniquecounter Info: New unique counter `rerunfilecheck' on input line 2
84.
)
\Hy@SectionHShift=\skip89
)
(C:\Users\Manuel Oviedo\AppData\Local\Programs\MiKTeX\tex/latex/bookmark\bookma
rk.sty
Package: bookmark 2023-12-10 v1.31 PDF bookmarks (HO)

(C:\Users\Manuel Oviedo\AppData\Local\Programs\MiKTeX\tex/latex/bookmark\bkm-dv
ipdfm.def
File: bkm-dvipdfm.def 2023-12-10 v1.31 bookmark driver for dvipdfm (HO)
\BKM@id=\count366
)) (C:\Users\Manuel Oviedo\AppData\Local\Programs\MiKTeX\tex/latex/xurl\xurl.st
y
Package: xurl 2022/01/09 v 0.10 modify URL breaks
)
Package csquotes Info: Checking for multilingual support...
Package csquotes Info: ... found 'polyglossia' package.
Package csquotes Info: Adjusting default style.
Package csquotes Info: Redefining alias 'default' -> 'spanish'.
(Practicas_de_TGD.aux)
\openout1 = `Practicas_de_TGD.aux'.

LaTeX Font Info:    Checking defaults for OML/cmm/m/it on input line 239.
LaTeX Font Info:    ... okay on input line 239.
LaTeX Font Info:    Checking defaults for OMS/cmsy/m/n on input line 239.
LaTeX Font Info:    ... okay on input line 239.
LaTeX Font Info:    Checking defaults for OT1/cmr/m/n on input line 239.
LaTeX Font Info:    ... okay on input line 239.
LaTeX Font Info:    Checking defaults for T1/cmr/m/n on input line 239.
LaTeX Font Info:    ... okay on input line 239.
LaTeX Font Info:    Checking defaults for TS1/cmr/m/n on input line 239.
LaTeX Font Info:    ... okay on input line 239.
LaTeX Font Info:    Checking defaults for TU/lmr/m/n on input line 239.
LaTeX Font Info:    ... okay on input line 239.
LaTeX Font Info:    Checking defaults for OMX/cmex/m/n on input line 239.
LaTeX Font Info:    ... okay on input line 239.
LaTeX Font Info:    Checking defaults for U/cmr/m/n on input line 239.
LaTeX Font Info:    ... okay on input line 239.
LaTeX Font Info:    Checking defaults for PD1/pdf/m/n on input line 239.
LaTeX Font Info:    ... okay on input line 239.
LaTeX Font Info:    Checking defaults for PU/pdf/m/n on input line 239.
LaTeX Font Info:    ... okay on input line 239.
LaTeX Info: Redefining \microtypecontext on input line 239.
Package microtype Info: Applying patch `item' on input line 239.
Package microtype Info: Applying patch `toc' on input line 239.
Package microtype Info: Applying patch `eqnum' on input line 239.

Package microtype Warning: Unable to apply patch `footnote' on input line 239.

Package microtype Info: Applying patch `verbatim' on input line 239.
LaTeX Info: Redefining \microtypesetup on input line 239.
Package microtype Info: Character protrusion enabled (level 2).
Package microtype Info: Using protrusion set `basicmath'.
Package microtype Info: No adjustment of tracking.
Package microtype Info: No adjustment of spacing.
Package microtype Info: No adjustment of kerning.

(C:\Users\Manuel Oviedo\AppData\Local\Programs\MiKTeX\tex/latex/microtype\mt-Ne
wComputerModern.cfg
File: mt-NewComputerModern.cfg 2021/11/09 v1.1 microtype config. file: New Comp
uter Modern (AT)
)
*geometry* driver: auto-detecting
*geometry* detected driver: xetex
*geometry* verbose mode - [ preamble ] result:
* driver: xetex
* paper: a4paper
* layout: <same size as paper>
* layoutoffset:(h,v)=(0.0pt,0.0pt)
* modes: twoside 
* h-part:(L,W,R)=(71.13188pt, 455.24411pt, 71.13188pt)
* v-part:(T,H,B)=(92.47145pt, 681.44351pt, 71.13188pt)
* \paperwidth=597.50787pt
* \paperheight=845.04684pt
* \textwidth=455.24411pt
* \textheight=681.44351pt
* \oddsidemargin=-1.1381pt
* \evensidemargin=-1.1381pt
* \topmargin=-9.86603pt
* \headheight=13.2pt
* \headsep=18.06749pt
* \topskip=10.0pt
* \footskip=25.29494pt
* \marginparwidth=125.0pt
* \marginparsep=7.0pt
* \columnsep=10.0pt
* \skip\footins=9.0pt plus 4.0pt minus 2.0pt
* \hoffset=0.0pt
* \voffset=0.0pt
* \mag=1000
* \@twocolumnfalse
* \@twosidetrue
* \@mparswitchtrue
* \@reversemarginfalse
* (1in=72.27pt=25.4mm, 1cm=28.453pt)

Package caption Info: Begin \AtBeginDocument code.
Package caption Info: hyperref package is loaded.
Package caption Info: End \AtBeginDocument code.
Package hyperref Info: Link coloring OFF on input line 239.
LaTeX Font Info:    Font shape `TU/NewCM10-Book.otf(0)/m/n' will be
(Font)              scaled to size 17.28pt on input line 241.
LaTeX Font Info:    Font shape `TU/NewCM10-Book.otf(0)/m/n' will be
(Font)              scaled to size 12.0pt on input line 241.
LaTeX Font Info:    Font shape `TU/NewCMMath-Book.otf(7)/m/n' will be
(Font)              scaled to size 12.0pt on input line 241.
LaTeX Font Info:    Font shape `TU/NewCMMath-Book.otf(7)/m/n' will be
(Font)              scaled to size 8.0pt on input line 241.
LaTeX Font Info:    Font shape `TU/NewCMMath-Book.otf(7)/m/n' will be
(Font)              scaled to size 6.0pt on input line 241.
LaTeX Font Info:    Trying to load font information for OML+lmm on input line 2
41.
(C:\Users\Manuel Oviedo\AppData\Local\Programs\MiKTeX\tex/latex/lm\omllmm.fd
File: omllmm.fd 2015/05/01 v1.6.1 Font defs for Latin Modern
)
LaTeX Font Info:    Font shape `TU/NewCMMath-Book.otf(8)/m/n' will be
(Font)              scaled to size 12.0011pt on input line 241.
LaTeX Font Info:    Font shape `TU/NewCMMath-Book.otf(8)/m/n' will be
(Font)              scaled to size 8.00073pt on input line 241.
LaTeX Font Info:    Font shape `TU/NewCMMath-Book.otf(8)/m/n' will be
(Font)              scaled to size 6.00055pt on input line 241.
LaTeX Font Info:    Font shape `TU/NewCMMath-Book.otf(9)/m/n' will be
(Font)              scaled to size 11.99872pt on input line 241.
LaTeX Font Info:    Font shape `TU/NewCMMath-Book.otf(9)/m/n' will be
(Font)              scaled to size 7.99915pt on input line 241.
LaTeX Font Info:    Font shape `TU/NewCMMath-Book.otf(9)/m/n' will be
(Font)              scaled to size 5.99936pt on input line 241.
LaTeX Font Info:    Trying to load font information for U+msa on input line 241
.

(C:\Users\Manuel Oviedo\AppData\Local\Programs\MiKTeX\tex/latex/amsfonts\umsa.f
d
File: umsa.fd 2013/01/14 v3.01 AMS symbols A
)
(C:\Users\Manuel Oviedo\AppData\Local\Programs\MiKTeX\tex/latex/microtype\mt-ms
a.cfg
File: mt-msa.cfg 2006/02/04 v1.1 microtype config. file: AMS symbols (a) (RS)
)
LaTeX Font Info:    Trying to load font information for U+msb on input line 241
.

(C:\Users\Manuel Oviedo\AppData\Local\Programs\MiKTeX\tex/latex/amsfonts\umsb.f
d
File: umsb.fd 2013/01/14 v3.01 AMS symbols B
)
(C:\Users\Manuel Oviedo\AppData\Local\Programs\MiKTeX\tex/latex/microtype\mt-ms
b.cfg
File: mt-msb.cfg 2005/06/01 v1.0 microtype config. file: AMS symbols (b) (RS)
)
LaTeX Font Info:    Font shape `TU/NewCMMath-Book.otf(4)/m/n' will be
(Font)              scaled to size 12.0pt on input line 241.
LaTeX Font Info:    Font shape `TU/NewCMMath-Book.otf(4)/m/n' will be
(Font)              scaled to size 8.0pt on input line 241.
LaTeX Font Info:    Font shape `TU/NewCMMath-Book.otf(4)/m/n' will be
(Font)              scaled to size 6.0pt on input line 241.
LaTeX Font Info:    Font shape `TU/NewCMMath-Book.otf(5)/m/n' will be
(Font)              scaled to size 12.0pt on input line 241.
LaTeX Font Info:    Font shape `TU/NewCMMath-Book.otf(5)/m/n' will be
(Font)              scaled to size 8.0pt on input line 241.
LaTeX Font Info:    Font shape `TU/NewCMMath-Book.otf(5)/m/n' will be
(Font)              scaled to size 6.0pt on input line 241.
LaTeX Font Info:    Font shape `TU/NewCMMath-Book.otf(10)/m/n' will be
(Font)              scaled to size 12.0pt on input line 241.
LaTeX Font Info:    Font shape `TU/NewCMMath-Book.otf(10)/m/n' will be
(Font)              scaled to size 8.0pt on input line 241.
LaTeX Font Info:    Font shape `TU/NewCMMath-Book.otf(10)/m/n' will be
(Font)              scaled to size 6.0pt on input line 241.
[1


] [2

]
LaTeX Font Info:    Font shape `TU/NewCM10-Book.otf(0)/m/n' will be
(Font)              scaled to size 24.88pt on input line 244.
LaTeX Font Info:    Font shape `TU/NewCM10-Book.otf(0)/b/n' will be
(Font)              scaled to size 24.88pt on input line 244.
(Practicas_de_TGD.toc
LaTeX Font Info:    Font shape `TU/NewCM10-Book.otf(0)/b/n' will be
(Font)              scaled to size 10.0pt on input line 2.
LaTeX Font Info:    Font shape `TU/NewCMMath-Book.otf(7)/m/n' will be
(Font)              scaled to size 7.0pt on input line 4.
LaTeX Font Info:    Font shape `TU/NewCMMath-Book.otf(7)/m/n' will be
(Font)              scaled to size 5.0pt on input line 4.
LaTeX Font Info:    Font shape `TU/NewCMMath-Book.otf(8)/m/n' will be
(Font)              scaled to size 10.00092pt on input line 4.
LaTeX Font Info:    Font shape `TU/NewCMMath-Book.otf(8)/m/n' will be
(Font)              scaled to size 7.00064pt on input line 4.
LaTeX Font Info:    Font shape `TU/NewCMMath-Book.otf(8)/m/n' will be
(Font)              scaled to size 5.00046pt on input line 4.
LaTeX Font Info:    Font shape `TU/NewCMMath-Book.otf(9)/m/n' will be
(Font)              scaled to size 9.99893pt on input line 4.
LaTeX Font Info:    Font shape `TU/NewCMMath-Book.otf(9)/m/n' will be
(Font)              scaled to size 6.99925pt on input line 4.
LaTeX Font Info:    Font shape `TU/NewCMMath-Book.otf(9)/m/n' will be
(Font)              scaled to size 4.99947pt on input line 4.
LaTeX Font Info:    Font shape `TU/NewCMMath-Book.otf(4)/m/n' will be
(Font)              scaled to size 7.0pt on input line 4.
LaTeX Font Info:    Font shape `TU/NewCMMath-Book.otf(4)/m/n' will be
(Font)              scaled to size 5.0pt on input line 4.
LaTeX Font Info:    Font shape `TU/NewCMMath-Book.otf(5)/m/n' will be
(Font)              scaled to size 7.0pt on input line 4.
LaTeX Font Info:    Font shape `TU/NewCMMath-Book.otf(5)/m/n' will be
(Font)              scaled to size 5.0pt on input line 4.
LaTeX Font Info:    Font shape `TU/NewCMMath-Book.otf(10)/m/n' will be
(Font)              scaled to size 7.0pt on input line 4.
LaTeX Font Info:    Font shape `TU/NewCMMath-Book.otf(10)/m/n' will be
(Font)              scaled to size 5.0pt on input line 4.
[3]
LaTeX Font Info:    Font shape `TU/NewCMMono10-Book.otf(0)/m/n' will be
(Font)              scaled to size 10.0pt on input line 185.
)
\tf@toc=\write4
\openout4 = `Practicas_de_TGD.toc'.

LaTeX Font Info:    Font shape `TU/NewCM10-Book.otf(0)/m/it' will be
(Font)              scaled to size 10.0pt on input line 246.
[4]
Underfull \hbox (badness 2142) in paragraph at lines 259--262
[]\TU/NewCM10-Book.otf(0)/m/n/10 Para una introducción a la programación en []\
TU/NewCMMono10-Book.otf(0)/m/n/10 R[] \TU/NewCM10-Book.otf(0)/m/n/10 se puede c
onsultar el libro Fernández-Casal
 []


Underfull \hbox (badness 1533) in paragraph at lines 259--262
\TU/NewCM10-Book.otf(0)/m/n/10 et al. (2022): []\TU/NewCM10-Book.otf(0)/m/it/10
 Introducción al Análisis de Datos con R[] \TU/NewCM10-Book.otf(0)/m/n/10 ([]gi
thub[]). Adicionalmente, en el post
 []


Underfull \hbox (badness 5105) in paragraph at lines 259--262
[]\TU/NewCM10-Book.otf(0)/m/it/10 https://rubenfcasal.github.io/post/ayuda-y-re
cursos-para-el-aprendizaje-de-r[] \TU/NewCM10-Book.otf(0)/m/n/10 se proporciona
n enlaces
 []

LaTeX Font Info:    Font shape `TU/NewCMMono10-Book.otf(0)/b/n' will be
(Font)              scaled to size 10.0pt on input line 299.
File: images/by-nc-nd-88x31.png Graphic file (type bmp)
<images/by-nc-nd-88x31.png>
[5

] [6

]
Capítulo 1.
LaTeX Font Info:    Font shape `TU/NewCM10-Book.otf(0)/m/n' will be
(Font)              scaled to size 20.74pt on input line 319.
LaTeX Font Info:    Font shape `TU/NewCM10-Book.otf(0)/b/n' will be
(Font)              scaled to size 20.74pt on input line 319.
LaTeX Font Info:    Font shape `TU/NewCM10-Book.otf(0)/m/n' will be
(Font)              scaled to size 14.4pt on input line 334.
LaTeX Font Info:    Font shape `TU/NewCM10-Book.otf(0)/b/n' will be
(Font)              scaled to size 14.4pt on input line 334.
[7]
LaTeX Font Info:    Font shape `TU/NewCM10-Book.otf(0)/b/n' will be
(Font)              scaled to size 12.0pt on input line 401.
[8] [9] [10

]
Capítulo 2.
File: images/esquema2.png Graphic file (type bmp)
<images/esquema2.png>
LaTeX Font Info:    Font shape `TU/NewCM10-Book.otf(0)/m/n' will be
(Font)              scaled to size 9.0pt on input line 474.
LaTeX Font Info:    Font shape `TU/NewCM10-Book.otf(0)/b/n' will be
(Font)              scaled to size 9.0pt on input line 474.
[11]
LaTeX Font Info:    Font shape `TU/NewCMMono10-Book.otf(0)/m/it' will be
(Font)              scaled to size 10.0pt on input line 541.
LaTeX Font Info:    Font shape `TU/NewCMMono10-Book.otf(0)/b/it' will be
(Font)              scaled to size 10.0pt on input line 549.
[12]
Overfull \hbox (1.51591pt too wide) in paragraph at lines 608--613
[]\TU/NewCM10-Book.otf(0)/m/n/10 Si el fichero estuviese en el directorio \TU/N
ewCM10-Book.otf(0)/m/it/10 c:\datos \TU/NewCM10-Book.otf(0)/m/n/10 bastaría con
 especificar \TU/NewCMMono10-Book.otf(0)/m/n/10 file = "c:/datos/empleados.txt"
\TU/NewCM10-Book.otf(0)/m/n/10 .
 []

LaTeX Font Info:    Font shape `TU/NewCMMono10-Book.otf(0)/m/n' will be
(Font)              scaled to size 9.0pt on input line 669.
LaTeX Font Info:    Font shape `TU/NewCMMono10-Book.otf(0)/b/n' will be
(Font)              scaled to size 9.0pt on input line 670.
[13]
Overfull \hbox (94.4311pt too wide) in paragraph at lines 693--693
[]\TU/NewCMMono10-Book.otf(0)/m/n/9 ##  - attr(*, "variable.labels")= Named chr
 [1:10] "Código de empleado" "Sexo" "Fecha de nacimiento" "Nivel educativo" ...
[] 
 []

[14] [15] [16] [17]
LaTeX Font Info:    Font shape `TU/NewCM10-Book.otf(0)/m/n' will be
(Font)              scaled to size 7.0pt on input line 1076.
LaTeX Font Info:    Font shape `TU/NewCM10-Book.otf(0)/m/n' will be
(Font)              scaled to size 8.0pt on input line 1076.
LaTeX Font Info:    Font shape `TU/NewCM10-Book.otf(0)/m/n' will be
(Font)              scaled to size 6.0pt on input line 1076.
LaTeX Font Info:    Font shape `TU/NewCMMono10-Book.otf(0)/m/n' will be
(Font)              scaled to size 8.0pt on input line 1076.
[18] [19] [20] [21] [22]
File: 02-ManipulacionDatosR_files/figure-latex/unnamed-chunk-49-1.pdf Graphic f
ile (type pdf)
<use 02-ManipulacionDatosR_files/figure-latex/unnamed-chunk-49-1.pdf>

Underfull \vbox (badness 10000) has occurred while \output is active []

[23] [24]
LaTeX Font Info:    Font shape `TU/NewCMMono10-Book.otf(0)/b/n' will be
(Font)              scaled to size 12.0pt on input line 1672.

Underfull \vbox (badness 2426) has occurred while \output is active []

[25] [26] [27] [28] [29]
Overfull \hbox (76.75589pt too wide) in paragraph at lines 2128--2128
[]\TU/NewCMMono10-Book.otf(0)/m/n/10 ##  - attr(*, "variable.labels")= Named ch
r [1:62] "Publication type" "Author" "Book authors" "Editor" ...[] 
 []

[30]
Overfull \hbox (1639.50589pt too wide) in paragraph at lines 2216--2216
[]\TU/NewCMMono10-Book.otf(0)/m/n/10 ##  $ TI : chr  "Fractionation of Miscanth
us x giganteus via modification of the Formacell process" "Role of Temperature 
and Pressure on the Multisensitive Multiferroic Dicyanamide Framework [TPrA][Mn
(dca)(3)] wi"| __truncated__ "Methane and carbon dioxide emissions from constru
cted wetlands receiving anaerobically pretreated sewage" "Exceptionally Inert L
anthanide(III) PARACEST MRI Contrast Agents Based on an 18-
 []


Overfull \hbox (271.00589pt too wide) in paragraph at lines 2216--2216
[]\TU/NewCMMono10-Book.otf(0)/m/n/10 ##  $ DI : chr  "10.1016/j.indcrop.2015.08
.066" "10.1021/acs.inorgchem.5b01652" "10.1016/j.scitotenv.2015.08.090" "10.100
2/chem.201502937" ...[] 
 []

[31]
Overfull \hbox (43.50589pt too wide) in paragraph at lines 2238--2238
[]\TU/NewCMMono10-Book.otf(0)/m/n/10 ##  $ SO : chr  "TISSUE ANTIGENS" "ACTA NE
UROLOGICA SCANDINAVICA" "ACTA PSYCHOLOGICA" "AFINIDAD" ...[] 
 []


Overfull \hbox (8.50589pt too wide) in paragraph at lines 2238--2238
[]\TU/NewCMMono10-Book.otf(0)/m/n/10 ##  $ PU : chr  "WILEY-BLACKWELL" "WILEY-B
LACKWELL" "ELSEVIER SCIENCE BV" "ASOC QUIMICOS" ...[] 
 []


Overfull \hbox (173.00589pt too wide) in paragraph at lines 2238--2238
\TU/NewCMMono10-Book.otf(0)/m/n/10 5774, NJ USA" "PO BOX 211, 1000 AE AMSTERDAM
, NETHERLANDS" "INST QUIMICO SARRIA, VIA AUGUSTA, 390, 08017 BARCELONA, SPAIN" 
...[] 
 []


Overfull \hbox (55.75589pt too wide) in paragraph at lines 2271--2271
[]\TU/NewCMMono10-Book.otf(0)/m/n/10 ##                                        
                                                                               
                     TI[] 
 []


Overfull \hbox (178.25589pt too wide) in paragraph at lines 2271--2271
[]\TU/NewCMMono10-Book.otf(0)/m/n/10 ## 1                                      
                     Fractionation of Miscanthus x giganteus via modification o
f the Formacell process[] 
 []


Overfull \hbox (201.00589pt too wide) in paragraph at lines 2271--2271
[]\TU/NewCMMono10-Book.otf(0)/m/n/10 ## 2 Role of Temperature and Pressure on t
he Multisensitive Multiferroic Dicyanamide Framework [TPrA][Mn(dca)(3)] with Pe
rovskite-
 []


Overfull \hbox (216.75589pt too wide) in paragraph at lines 2271--2271
[]\TU/NewCMMono10-Book.otf(0)/m/n/10 ## 3                                    Me
thane and carbon dioxide emissions from constructed wetlands receiving anaerobi
cally pretreated sewage[] 
 []


Overfull \hbox (75.00589pt too wide) in paragraph at lines 2271--2271
[]\TU/NewCMMono10-Book.otf(0)/m/n/10 ## 4                               Excepti
onally Inert Lanthanide(III) PARACEST MRI Contrast Agents Based on an 18-
 []

[32]
Overfull \hbox (353.25589pt too wide) in paragraph at lines 2355--2355
[]\TU/NewCMMono10-Book.otf(0)/m/n/10 ##                                        
                                                                               
                                                                               
                           TI[] 
 []


Overfull \hbox (498.50589pt too wide) in paragraph at lines 2355--2355
[]\TU/NewCMMono10-Book.otf(0)/m/n/10 ## 2                                      
                                                Role of Temperature and Pressur
e on the Multisensitive Multiferroic Dicyanamide Framework [TPrA][Mn(dca)(3)] w
ith Perovskite-
 []


Overfull \hbox (372.50589pt too wide) in paragraph at lines 2355--2355
[]\TU/NewCMMono10-Book.otf(0)/m/n/10 ## 4                                      
                                                                              E
xceptionally Inert Lanthanide(III) PARACEST MRI Contrast Agents Based on an 18-

 []


Overfull \hbox (696.25589pt too wide) in paragraph at lines 2355--2355
[]\TU/NewCMMono10-Book.otf(0)/m/n/10 ## 16 Reduced susceptibility to biocides i
n Acinetobacter baumannii: association with resistance to antimicrobials, epide
miological behaviour, biological cost and effect on the expression of genes enc
oding porins and efflux pumps[] 
 []


Overfull \hbox (615.75589pt too wide) in paragraph at lines 2355--2355
[]\TU/NewCMMono10-Book.otf(0)/m/n/10 ## 23                                     
                  Two Catechol Siderophores, Acinetobactin and Amonabactin, Are
 Simultaneously Produced by Aeromonas salmonicida subsp salmonicida Sharing Par
t of the Biosynthetic Pathway[] 
 []


Overfull \hbox (439.00589pt too wide) in paragraph at lines 2355--2355
[]\TU/NewCMMono10-Book.otf(0)/m/n/10 ## 43                                     
                                                                               
                                                    Conservation of stony mater
ials in the built environment[] 
 []


Overfull \hbox (131.00589pt too wide) in paragraph at lines 2355--2355
[]\TU/NewCMMono10-Book.otf(0)/m/n/10 ## 69                                     
                                                                               
                                     Gd3+-
 []


Underfull \vbox (badness 3919) has occurred while \output is active []

[33]
Overfull \hbox (202.75589pt too wide) in paragraph at lines 2402--2402
[]\TU/NewCMMono10-Book.otf(0)/m/n/10 ##                                        
                                                                               
                                                               TI[] 
 []


Overfull \hbox (99.50589pt too wide) in paragraph at lines 2402--2402
[]\TU/NewCMMono10-Book.otf(0)/m/n/10 ## 273                                 Cla
ssification of mild cognitive impairment and Alzheimer[]s Disease with machine-

 []


Overfull \hbox (90.75589pt too wide) in paragraph at lines 2402--2402
[]\TU/NewCMMono10-Book.otf(0)/m/n/10 ## 291 Identifying a population of patient
s suitable for the implantation of a subcutaneous defibrillator (S-
 []


Overfull \hbox (465.25589pt too wide) in paragraph at lines 2402--2402
[]\TU/NewCMMono10-Book.otf(0)/m/n/10 ## 518           Importance of Outer-Spher
e and Aggregation Phenomena in the Relaxation Properties of Phosphonated Gadoli
nium Complexes with Potential Applications as MRI Contrast Agents[] 
 []


Overfull \hbox (379.50589pt too wide) in paragraph at lines 2402--2402
[]\TU/NewCMMono10-Book.otf(0)/m/n/10 ## 586                                    
                                  Enhanced thermal conductivity of rheologicall
y percolated carbon nanofiber reinforced polypropylene composites[] 
 []

[34]
LaTeX Font Info:    Font shape `TU/NewCM10-Book.otf(0)/b/it' will be
(Font)              scaled to size 10.0pt on input line 2473.
[35] [36] [37] [38

]
Capítulo 3.
File: images/modelo-ER.png Graphic file (type bmp)
<images/modelo-ER.png>
[39]
File: images/modelo-relacional.png Graphic file (type bmp)
<images/modelo-relacional.png>
File: images/Relacion.png Graphic file (type bmp)
<images/Relacion.png>

Underfull \vbox (badness 2865) has occurred while \output is active []

[40]
File: images/BBDD.png Graphic file (type bmp)
<images/BBDD.png>
[41]
File: images/ClaveForanea.png Graphic file (type bmp)
<images/ClaveForanea.png>
File: images/IntegridadReferencial.png Graphic file (type bmp)
<images/IntegridadReferencial.png>
[42]
Overfull \hbox (3.71814pt too wide) in paragraph at lines 2866--2866
[]|\TU/NewCM10-Book.otf(0)/m/n/10 Microsoft 
 []


Overfull \hbox (14.91814pt too wide) in paragraph at lines 2867--2867
[]|\TU/NewCM10-Book.otf(0)/m/n/10 PostgreSQL|  
 []


Overfull \hbox (7.05814pt too wide) in paragraph at lines 2868--2868
[]|\TU/NewCM10-Book.otf(0)/m/n/10 MongoDB|  
 []


Overfull \hbox (5.66814pt too wide) in paragraph at lines 2869--2869
[]|\TU/NewCM10-Book.otf(0)/m/n/10 Snowflake|  
 []


Overfull \hbox (9.77814pt too wide) in paragraph at lines 2871--2871
[]|\TU/NewCM10-Book.otf(0)/m/n/10 Databricks|  
 []


Overfull \hbox (19.26814pt too wide) in paragraph at lines 2873--2873
[]|\TU/NewCM10-Book.otf(0)/m/n/10 Elasticsearch|  
 []


Overfull \hbox (3.19814pt too wide) in paragraph at lines 2876--2876
[]|\TU/NewCM10-Book.otf(0)/m/n/10 MariaDB|  
 []


Overfull \hbox (3.71814pt too wide) in paragraph at lines 2877--2877
[]|\TU/NewCM10-Book.otf(0)/m/n/10 Microsoft 
 []

ignored: Infinite glue shrinkage found in box being split [43] [44] [45] [46] [
47] [48] [49] [50] [51] [52] [53] [54] [55] [56]
File: images/sqlite-sample-database-color.jpg Graphic file (type bmp)
<images/sqlite-sample-database-color.jpg>

Underfull \vbox (badness 2837) has occurred while \output is active []

[57] [58]
Capítulo 4.
[59

] [60] [61] [62] [63]
Missing character: There is no 🔢 in font [NewCM10-Bold.otf]/OT:script=latn;lang
uage=dflt;mapping=tex-text;!
Missing character: There is no 🤖 in font [NewCM10-Bold.otf]/OT:script=latn;lang
uage=dflt;mapping=tex-text;!
Missing character: There is no 🧠 in font [NewCM10-Bold.otf]/OT:script=latn;lang
uage=dflt;mapping=tex-text;!
Missing character: There is no 🌐 in font [NewCM10-Bold.otf]/OT:script=latn;lang
uage=dflt;mapping=tex-text;!
[64]
Missing character: There is no 🛠 in font [NewCM10-Bold.otf]/OT:script=latn;lang
uage=dflt;mapping=tex-text;!
Missing character: There is no ️ in font [NewCM10-Bold.otf]/OT:script=latn;lang
uage=dflt;mapping=tex-text;!
Missing character: There is no 🧱 in font [NewCM10-Bold.otf]/OT:script=latn;lang
uage=dflt;mapping=tex-text;!
Missing character: There is no 🧪 in font [NewCM10-Bold.otf]/OT:script=latn;lang
uage=dflt;mapping=tex-text;!
Missing character: There is no 📦 in font [NewCM10-Bold.otf]/OT:script=latn;lang
uage=dflt;mapping=tex-text;!
[65] [66]
Underfull \hbox (badness 1173) in paragraph at lines 5024--5025
[]\TU/NewCMMono10-Book.otf(0)/m/n/10 fetchmany()\TU/NewCM10-Book.otf(0)/m/n/10 
: Si no se utiliza el parámetro n, se usa el tamaño por defecto del cursor
 []

[67]
Underfull \vbox (badness 1024) has occurred while \output is active []

[68] [69] [70] [71] [72]
Capítulo 5.
[73

]
LaTeX Font Info:    Font shape `TU/NewCM10-Book.otf(0)/b/n' will be
(Font)              scaled to size 8.0pt on input line 5488.
LaTeX Font Info:    Font shape `TU/NewCM10-Book.otf(0)/m/it' will be
(Font)              scaled to size 8.0pt on input line 5488.
[74]
LaTeX Font Info:    Font shape `TU/NewCM10-Book.otf(0)/b/it' will be
(Font)              scaled to size 12.0pt on input line 5515.
[75]
File: 05-dplyr_files/figure-latex/unnamed-chunk-3-1.pdf Graphic file (type pdf)

<use 05-dplyr_files/figure-latex/unnamed-chunk-3-1.pdf>
[76] [77]
Underfull \hbox (badness 1377) in paragraph at lines 5688--5689
[]\TU/NewCM10-Book.otf(0)/m/n/10 grandes volúmenes de datos (incluso almacenado
s en múltiples servidores; ecosistema []Ha-
 []

[78] [79] [80]
Missing character: There is no � in font [NewCMMono10-Book.otf]/OT:script=latn;
language=dflt;!
Missing character: There is no � in font [NewCMMono10-Book.otf]/OT:script=latn;
language=dflt;!
Missing character: There is no � in font [NewCMMono10-Book.otf]/OT:script=latn;
language=dflt;!
Missing character: There is no � in font [NewCMMono10-Book.otf]/OT:script=latn;
language=dflt;!
[81]
File: 05-dplyr_files/figure-latex/unnamed-chunk-23-1.pdf Graphic file (type pdf
)
<use 05-dplyr_files/figure-latex/unnamed-chunk-23-1.pdf>

Underfull \vbox (badness 10000) has occurred while \output is active []

[82]
File: 05-dplyr_files/figure-latex/unnamed-chunk-24-1.pdf Graphic file (type pdf
)
<use 05-dplyr_files/figure-latex/unnamed-chunk-24-1.pdf>

Underfull \vbox (badness 10000) has occurred while \output is active []

[83]
File: 05-dplyr_files/figure-latex/unnamed-chunk-25-1.pdf Graphic file (type pdf
)
<use 05-dplyr_files/figure-latex/unnamed-chunk-25-1.pdf>

Underfull \vbox (badness 10000) has occurred while \output is active []

[84] [85] [86]
Overfull \hbox (89.00589pt too wide) in paragraph at lines 6252--6252
[]\TU/NewCMMono10-Book.otf(0)/m/n/10 ## src:  sqlite 3.53.3 [C:\Users\Manuel Ov
iedo\OneDrive - Universidade da Coruña\MTE\TXD\2026_2027\tgdbook-
 []


Overfull \hbox (120.50589pt too wide) in paragraph at lines 6281--6281
[]\TU/NewCMMono10-Book.otf(0)/m/n/10 ## # Database: sqlite 3.53.3 [C:\Users\Man
uel Oviedo\OneDrive - Universidade da Coruña\MTE\TXD\2026_2027\tgdbook-
 []

[87]
Overfull \hbox (120.50589pt too wide) in paragraph at lines 6363--6363
[]\TU/NewCMMono10-Book.otf(0)/m/n/10 ## # Database: sqlite 3.53.3 [C:\Users\Man
uel Oviedo\OneDrive - Universidade da Coruña\MTE\TXD\2026_2027\tgdbook-
 []

[88] [89] [90] [91] [92] [93] [94

]
Capítulo 6.
[95]
File: images/TeoremaCAP.jpg Graphic file (type bmp)
<images/TeoremaCAP.jpg>
[96]
File: images/TiposBBDDNoSQL.png Graphic file (type bmp)
<images/TiposBBDDNoSQL.png>
File: images/TiposBBDDNoSQL2.png Graphic file (type bmp)
<images/TiposBBDDNoSQL2.png>
File: images/451ResearchMap.png Graphic file (type bmp)
<images/451ResearchMap.png>
File: images/DBEnginesRanking.png Graphic file (type bmp)
<images/DBEnginesRanking.png>

Underfull \vbox (badness 10000) has occurred while \output is active []

[97]
File: images/451ResearchSkills.png Graphic file (type bmp)
<images/451ResearchSkills.png>
File: images/MongoDB.jpg Graphic file (type bmp)
<images/MongoDB.jpg>

Underfull \vbox (badness 10000) has occurred while \output is active []

[98]
File: images/BlogRDMS.png Graphic file (type bmp)
<images/BlogRDMS.png>
File: images/BlogNoSQL.png Graphic file (type bmp)
<images/BlogNoSQL.png>

Underfull \vbox (badness 10000) has occurred while \output is active []

[99]
File: images/Neo4jlogo.png Graphic file (type bmp)
<images/Neo4jlogo.png>
File: images/CypherQuery.png Graphic file (type bmp)
<images/CypherQuery.png>

Underfull \vbox (badness 10000) has occurred while \output is active []

[100]
File: images/CypherResult.png Graphic file (type bmp)
<images/CypherResult.png>

Underfull \vbox (badness 10000) has occurred while \output is active []

[101] [102]
Capítulo 7.
File: images/T3-CientificoDatos.png Graphic file (type bmp)
<images/T3-CientificoDatos.png>

Underfull \vbox (badness 10000) has occurred while \output is active []

[103

]
File: images/Data-Science-Venn-Diagram_alt.png Graphic file (type bmp)
<images/Data-Science-Venn-Diagram_alt.png>
[104] [105]
LaTeX Font Info:    Font shape `TU/NewCM10-Book.otf(1)/b/n' will be
(Font)              scaled to size 9.70718pt on input line 7084.
LaTeX Font Info:    Font shape `TU/NewCM10-Book.otf(1)/b/n' will be
(Font)              scaled to size 6.79503pt on input line 7084.
LaTeX Font Info:    Font shape `TU/NewCM10-Book.otf(1)/b/n' will be
(Font)              scaled to size 4.85359pt on input line 7084.
[106] [107]
File: 07-Hadoop_files/figure-latex/polyfit-1.pdf Graphic file (type pdf)
<use 07-Hadoop_files/figure-latex/polyfit-1.pdf>
[108]
File: 07-Hadoop_files/figure-latex/polyfit2-1.pdf Graphic file (type pdf)
<use 07-Hadoop_files/figure-latex/polyfit2-1.pdf>

Underfull \vbox (badness 2486) detected at line 7273
 []

[109]
File: 07-Hadoop_files/figure-latex/polyfitsim-1.pdf Graphic file (type pdf)
<use 07-Hadoop_files/figure-latex/polyfitsim-1.pdf>
File: images/Bias-variance_tradeoff.png Graphic file (type bmp)
<images/Bias-variance_tradeoff.png>
[110] [111] [112]
File: 07-Hadoop_files/figure-latex/unnamed-chunk-2-1.pdf Graphic file (type pdf
)
<use 07-Hadoop_files/figure-latex/unnamed-chunk-2-1.pdf>
File: 07-Hadoop_files/figure-latex/unnamed-chunk-3-1.pdf Graphic file (type pdf
)
<use 07-Hadoop_files/figure-latex/unnamed-chunk-3-1.pdf>

Underfull \vbox (badness 10000) has occurred while \output is active []

[113] [114]
File: 07-Hadoop_files/figure-latex/bostonmass-1.pdf Graphic file (type pdf)
<use 07-Hadoop_files/figure-latex/bostonmass-1.pdf>
[115]
File: 07-Hadoop_files/figure-latex/bostondiag-1.pdf Graphic file (type pdf)
<use 07-Hadoop_files/figure-latex/bostondiag-1.pdf>
[116]
File: 07-Hadoop_files/figure-latex/cvmse-1.pdf Graphic file (type pdf)
<use 07-Hadoop_files/figure-latex/cvmse-1.pdf>
File: 07-Hadoop_files/figure-latex/cvonese-1.pdf Graphic file (type pdf)
<use 07-Hadoop_files/figure-latex/cvonese-1.pdf>

Underfull \vbox (badness 1221) has occurred while \output is active []

[117]
File: 07-Hadoop_files/figure-latex/bostonfinal-1.pdf Graphic file (type pdf)
<use 07-Hadoop_files/figure-latex/bostonfinal-1.pdf>
Package hyperref Info: bookmark level for unknown exercise defaults to 0 on inp
ut line 7628.
[118]
Underfull \vbox (badness 10000) has occurred while \output is active []

[119]
File: 07-Hadoop_files/figure-latex/obspredplot-1.pdf Graphic file (type pdf)
<use 07-Hadoop_files/figure-latex/obspredplot-1.pdf>
[120]
Underfull \vbox (badness 10000) detected at line 7761
 []


Overfull \vbox (0.87323pt too high) detected at line 7761
 []

[121] [122] [123]
File: 07-Hadoop_files/figure-latex/ovo-ova-1.pdf Graphic file (type pdf)
<use 07-Hadoop_files/figure-latex/ovo-ova-1.pdf>
[124]
Underfull \vbox (badness 10000) detected at line 8002
 []


Underfull \vbox (badness 10000) detected at line 8002
 []

[125] [126]
File: 07-Hadoop_files/figure-latex/maldicion-1.pdf Graphic file (type pdf)
<use 07-Hadoop_files/figure-latex/maldicion-1.pdf>
LaTeX Font Info:    Font shape `TU/NewCMMono10-Book.otf(0)/b/n' will be
(Font)              scaled to size 14.4pt on input line 8082.

Underfull \vbox (badness 7963) has occurred while \output is active []

[127] [128]
LaTeX Font Info:    Font shape `TU/NewCM10-Book.otf(1)/b/n' will be
(Font)              scaled to size 11.64862pt on input line 8197.
LaTeX Font Info:    Font shape `TU/NewCM10-Book.otf(1)/b/n' will be
(Font)              scaled to size 7.76575pt on input line 8197.
LaTeX Font Info:    Font shape `TU/NewCM10-Book.otf(1)/b/n' will be
(Font)              scaled to size 5.82431pt on input line 8197.
[129] [130] [131] [132]
File: 07-Hadoop_files/figure-latex/roc-proc-1.pdf Graphic file (type pdf)
<use 07-Hadoop_files/figure-latex/roc-proc-1.pdf>
[133]
File: 07-Hadoop_files/figure-latex/roc-yardstick-1.pdf Graphic file (type pdf)
<use 07-Hadoop_files/figure-latex/roc-yardstick-1.pdf>
[134]
File: 07-Hadoop_files/figure-latex/unnamed-chunk-24-1.pdf Graphic file (type pd
f)
<use 07-Hadoop_files/figure-latex/unnamed-chunk-24-1.pdf>

Underfull \vbox (badness 10000) has occurred while \output is active []

[135]
File: 07-Hadoop_files/figure-latex/pdp-example-1.pdf Graphic file (type pdf)
<use 07-Hadoop_files/figure-latex/pdp-example-1.pdf>

Overfull \hbox (6.94154pt too wide) in paragraph at lines 8581--8582
[]|\TU/NewCMMono10-Book.otf(0)/m/n/10 yardstick::roc_curve()\TU/NewCM10-Book.ot
f(0)/m/n/10 /\TU/NewCMMono10-Book.otf(0)/m/n/10 roc_auc()|  
 []


Underfull \vbox (badness 10000) has occurred while \output is active []

[136]
ignored: Infinite glue shrinkage found in box being split [137] [138]
File: images/T3-ecosistema.png Graphic file (type bmp)
<images/T3-ecosistema.png>

Underfull \vbox (badness 10000) has occurred while \output is active []

[139]
File: images/T3-DMvsBD.jpg Graphic file (type bmp)
<images/T3-DMvsBD.jpg>
File: images/T3-AI-ML.png Graphic file (type bmp)
<images/T3-AI-ML.png>
File: images/T3-MLvsDL.png Graphic file (type bmp)
<images/T3-MLvsDL.png>

Underfull \vbox (badness 10000) has occurred while \output is active []

[140]
File: images/T3-machinelearning.png Graphic file (type bmp)
<images/T3-machinelearning.png>
File: images/T3-machinelearningalgorithms.png Graphic file (type bmp)
<images/T3-machinelearningalgorithms.png>

Underfull \vbox (badness 10000) has occurred while \output is active []

[141]
Underfull \vbox (badness 5908) has occurred while \output is active []

[142]
File: images/T3-Supervised_ML.png Graphic file (type bmp)
<images/T3-Supervised_ML.png>
File: images/T3-ML-indicadores.png Graphic file (type bmp)
<images/T3-ML-indicadores.png>
File: images/T3-rattle1.png Graphic file (type bmp)
<images/T3-rattle1.png>
[143]
File: images/T3-rattle2.png Graphic file (type bmp)
<images/T3-rattle2.png>
File: images/T3-rattle3.png Graphic file (type bmp)
<images/T3-rattle3.png>
(Practicas_de_TGD.bbl [144] [145] [146

])
\tf@thm=\write5
\openout5 = `Practicas_de_TGD.thm'.

[147] (Practicas_de_TGD.aux)
 ***********
LaTeX2e <2025-11-01>
L3 programming layer <2026-01-19>
 ***********
 ) 
Here is how much of TeX's memory you used:
 26894 strings out of 402982
 511983 string characters out of 5446818
 1172625 words of memory out of 5000000
 55107 multiletter control sequences out of 15000+600000
 638143 words of font info for 169 fonts, out of 8000000 for 9000
 1348 hyphenation exceptions out of 8191
 90i,12n,134p,1015b,3986s stack positions out of 10000i,1000n,20000p,200000b,200000s

Output written on Practicas_de_TGD.pdf (147 pages).
